method,horizon,site,type,mse,rmse,mae,r2,mbe,smape,wape,nrmse_range,nmae_range,corr,picp_80,pinaw_80,interval_width_mean,coverage_error_80,q10_loss,q90_loss,postprocess_choice,postprocess_val_rmse,blend_model_weight,affine_a,affine_b
Local,1,wind_farm_site_1,wind,73.54652934092401,8.57592731667684,5.100837305673716,0.8816720790267664,0.11293419695675097,62.63201357725183,24.545151415933915,0.10549002843742263,0.06274394039975315,0.9394854468314161,0.8742378048780488,0.23692947561207223,19.261441030256425,0.07423780487804876,1.1103334819873705,1.8001046371064828,blend,10.824213025718246,0.30000000000000004,,
Local,1,wind_farm_site_2,wind,335.89770305650666,18.327512189506425,11.439873021943997,0.8948111447264177,-0.10488590718010138,62.386877248396644,16.40182436975937,0.10212187445412124,0.06374358202238445,0.9460643627410252,0.8132621951219512,0.19164533455265761,34.39402404089071,0.013262195121951148,2.9914712945694015,3.5801575384189914,affine_blend,18.62030514815867,0.30000000000000004,0.9900153536078319,3.3454028221959664
Local,1,wind_farm_site_3,wind,33.605323731020356,5.7970098957152345,3.512541587350082,0.9135806838931831,-0.032590105987962144,56.62460042639168,23.315900990971674,0.0680896266674689,0.04125707039303185,0.9564838419173565,0.6086128048780488,0.12571171726134542,10.702835433808453,0.19138719512195124,0.8840726207225216,1.1127461468808102,affine_blend,6.853946200636537,0.05,0.9886141640385966,0.08925706801273625
Local,1,wind_farm_site_4,wind,16.236959709176006,4.029511100515298,2.4322183541225093,0.9626536791379294,-0.1214959483943569,67.85921774732749,12.773950112304384,0.06557496488855719,0.03958113756095419,0.9811836692302079,0.8014481707317073,0.1114536788552478,6.8487087549909855,0.0014481707317072212,0.6220957708803473,0.742697583303452,affine_blend,4.387887886463084,0.30000000000000004,0.9629992791317795,0.193589038497074
Local,1,wind_farm_site_5,wind,5.393984528319464,2.322495323637803,1.3269556636946855,0.9526780589341768,-0.04515038770195902,90.18770418572059,18.52179499603524,0.06676299195752766,0.0381449768279749,0.9760616262197788,0.8218966846569006,0.11207347074782278,3.8987184978358105,0.021896684656900534,0.3235840530010724,0.4614224264296184,blend,2.8753061470473757,0.1,,
Local,1,wind_farm_site_6,wind,20.101448825973844,4.483463931601753,3.086538063155281,0.861744101825969,-0.5376857678095525,4.729518839424142,4.234357361948994,0.09861732299935357,0.0678908374791451,0.9296678954553659,0.9027777777777778,0.288148403941024,13.100162696838382,0.10277777777777775,0.8182986569404603,0.9137886881828305,blend,5.052588046440488,0.05,,
Local,1,solar_station_site_1,solar,10.725435213438386,3.2749710248242483,1.6876882544302518,0.9414130468048149,0.31656020742459123,127.08120566187813,18.907276522017078,0.0765068874530776,0.03942623441821306,0.9707280618854385,0.8353658536585366,0.11472780949402477,4.911064406651314,0.035365853658536506,0.5308390744070158,0.551366951602539,affine_blend,3.2085412514353564,0.8,1.0016743462818387,0.1532372977656142
Local,1,solar_station_site_2,solar,66.1649100093522,8.134181582024844,4.664777420946147,0.9068144930992149,1.0005947104234976,93.77586167290404,26.636018285171826,0.08781939427380908,0.05036252552253151,0.9550433879720613,0.790015243902439,0.12324143031909826,11.415111444727643,0.009984756097560998,1.3291408189464273,1.442110781588501,blend,7.288163002463646,0.8,,
Local,1,solar_station_site_3,solar,6.541759138550564,2.5576862861872964,1.5267834404850211,0.8901416942868947,-0.4035323658739791,89.5827099521283,26.419571845152124,0.09810711997083227,0.058563994722132695,0.9473891025980865,0.42328042328042326,0.17643048683107415,4.599603339363614,0.3767195767195768,0.3251959550869376,0.5573019196608873,affine_blend,2.4182723494231,0.6000000000000001,0.9460205539565079,0.11694560622021398
Local,1,solar_station_site_4,solar,37.55376827760504,6.128112945891666,3.375201110225316,0.9330800660996729,0.034835714391752766,87.92766409215155,26.3092210843848,0.06485673444871926,0.03572135893214256,0.9659686561845214,0.27896341463414637,0.08635293404774937,8.159222593486465,0.5210365853658536,0.9046315956621745,1.1404310128854878,affine_blend,6.456079092950725,0.8500000000000001,0.9794489668448099,-1.002519352394453
Local,1,solar_station_site_5,solar,24.24661567981876,4.924085263256391,2.515719552099233,0.9423069390241943,0.6923007218130423,105.54729047470784,22.07758711668647,0.06051188524106552,0.03091557613173017,0.9713952646085701,0.30259146341463417,0.0861910964915549,7.013701628485271,0.4974085365853659,0.8036897660591892,0.8800716002692971,affine_blend,5.623912958967295,0.9,1.0021545538239647,-0.2661730611472661
Local,1,solar_station_site_6,solar,3.3164150600410656,1.8211027044186898,0.9634587567865807,0.9565226897807894,0.16082332647709965,121.9821840930926,16.77465401222485,0.0656413980429361,0.03472773918721289,0.9782092150713788,0.8467987804878049,0.10254901296440162,2.845038198649947,0.046798780487804836,0.24057818780269444,0.35043046943817113,affine_blend,2.0839766034763705,0.75,0.9587294295837699,-0.05738599957385962
Local,1,solar_station_site_7,solar,5.321286671110235,2.306791423408331,1.2368529244727797,0.8988605319173941,0.2574972890089857,133.38119210310694,28.034196808174116,0.0919425012107159,0.049297630618807056,0.9489572231683099,0.7964939024390244,0.11443071283302611,2.8710094185142836,0.0035060975609756406,0.3932993881611253,0.3995501382149535,affine_blend,2.2064979653063252,0.8,1.0275508246605345,-0.2584575901256825
Local,1,solar_station_site_8,solar,1.048616164881351,1.0240196115706726,0.6224893858716917,0.9710175134347153,0.17420699403873102,119.55313237651286,16.617807084820672,0.04532564260033302,0.027552920967250295,0.9859012144917937,0.8031587057010786,0.0690923787034402,1.5609696132994444,0.003158705701078568,0.1369506736199382,0.20196302101646377,blend,0.9872328909016902,0.8500000000000001,,
FedAvg,1,wind_farm_site_1,wind,74.32227467198511,8.62103675157374,5.102334976968059,0.880423993861474,0.3814781995081761,56.84503488246262,24.552358187388883,0.10604490669074183,0.06276236282587644,0.9392041441419567,0.8761432926829268,0.23402018575469916,19.024927127193283,0.07614329268292674,1.1160321728372218,1.7938436417985415,affine_blend,10.899880255495251,0.25,0.9724488645893529,1.7650916295319319
FedAvg,1,wind_farm_site_2,wind,343.5229262770563,18.534371483194576,10.996573165568385,0.8924232495592982,0.4442388711313151,60.85308365524542,15.76624682676871,0.10327450546051527,0.06127349160257065,0.9455246218106486,0.8201219512195121,0.1988521189250154,35.68740441740221,0.020121951219512102,3.0635694956909756,3.6315235817156335,affine_blend,19.090873776669635,0.15000000000000002,1.0726769235744922,9.195906778794985
FedAvg,1,wind_farm_site_3,wind,33.47506559812301,5.785764046184653,3.5084611481249253,0.9139156551867924,-0.04078687721502887,57.066265324057554,23.288815442058585,0.06795753689880009,0.04120914299796469,0.9566368872190977,0.6067073170731707,0.1250639234050643,10.647683605563238,0.19329268292682933,0.883022018589427,1.1091410403404849,affine_blend,6.846296765363439,0.05,0.8784987720397636,-0.7231926266482406
FedAvg,1,wind_farm_site_4,wind,16.181912122352742,4.022674747273602,2.4041710971657153,0.9627802930408402,-0.0248338671119366,67.26560662305238,12.626646618542892,0.06546371227934299,0.03912470554121688,0.9812236740343904,0.807545731707317,0.11272879394994487,6.927063206834742,0.007545731707316983,0.6267478208999135,0.7301135449114197,blend,4.414280617031326,0.2,,
FedAvg,1,wind_farm_site_5,wind,5.426682328863325,2.329524056296334,1.3121961033587857,0.9523911980093456,0.03028025180403121,90.32725885015891,18.31577940843679,0.06696504154495937,0.0377206950660384,0.9760449949142672,0.8269082498072475,0.10961250649284796,3.8131085243125313,0.026908249807247486,0.3285717645826241,0.45348786048130163,blend,2.886060997641289,0.05,,
FedAvg,1,wind_farm_site_6,wind,20.51836042302459,4.529719684817659,3.055538361000415,0.8588766225806452,-0.15228467703595458,4.708660832901881,4.191829515425859,0.09963475474968365,0.06720897459657743,0.9278655395219525,0.8611111111111112,0.2824124773304456,12.839388835911215,0.061111111111111116,0.7864115978757453,0.9597507865094497,affine_blend,5.037537296056282,0.1,0.8557819066426898,9.443130131884107
FedAvg,1,solar_station_site_1,solar,12.469322841731373,3.5311928355346685,1.9075817088098381,0.9318871804112114,0.5692721620525661,129.24359709321448,21.370756573159547,0.08249250781016088,0.044563184833458426,0.9664733640561843,0.7721036585365854,0.10586253370263618,4.531575418007252,0.027896341463414687,0.6508348829614001,0.6002384841507631,affine_blend,3.0320828455840547,0.7000000000000001,1.0311579714706935,0.20007942676836163
FedAvg,1,solar_station_site_2,solar,70.02630370580131,8.368172064782208,4.801561403194653,0.9013761734688209,0.03490800630977098,85.58201447105544,27.417058905873258,0.09034563520590204,0.05183929197362333,0.9494870535876881,0.7541920731707317,0.1260225976769756,11.672714226960924,0.045807926829268375,1.1331119019701907,1.8285719913898646,affine_blend,7.249801495966209,0.7000000000000001,1.0468879754443357,-0.06001156710915446
FedAvg,1,solar_station_site_3,solar,6.2334185561691156,2.496681508756997,1.5897358472913246,0.8953197776197708,-0.45915132341744397,93.97362746988937,27.508904877160923,0.09576711328179065,0.060978708113822826,0.9499156901770137,0.3862433862433862,0.1342744975260585,3.5005822310265953,0.4137566137566138,0.3289545120754308,0.5362976706389752,affine_blend,2.2320913510554745,0.65,0.9893732421977484,0.31747653501066025
FedAvg,1,solar_station_site_4,solar,47.60631972665604,6.899733308371856,3.920999906905663,0.9151666552928723,0.13411711437529744,85.0300354256045,30.56364644764733,0.07302315980453007,0.04149780723381092,0.9566694285612789,0.2576219512195122,0.1037065973855867,9.798916757295025,0.5423780487804879,1.0209801144003319,1.3063597304536407,affine_blend,7.043603688593308,0.9,0.9668196031564732,-0.17408329945952178
FedAvg,1,solar_station_site_5,solar,27.880388774085336,5.280188327520651,2.789860256208904,0.9336606398677203,0.6555874061648873,101.21762981954241,24.483405870275536,0.06488802143828895,0.03428448019006868,0.9672524045693741,0.296875,0.09301880436910726,7.569298526644035,0.503125,0.8734387990853717,0.9450149082071954,affine,5.97205217382317,,0.9570612286498604,0.5112296144781161
FedAvg,1,solar_station_site_6,solar,3.246388231957423,1.8017736350489268,0.8842703160453932,0.9574407226787047,0.023581210990474295,120.07510813807602,15.395914459707354,0.0649446843797135,0.03187340266545642,0.9786374554888787,0.8772865853658537,0.09752971423549438,2.7057867694905715,0.07728658536585364,0.225976311326291,0.32999989215282866,affine_blend,2.0717619980124793,0.8500000000000001,1.0379914792616902,-0.09818558976886282
FedAvg,1,solar_station_site_7,solar,4.580979757601238,2.1403223489935432,1.165829095369156,0.9129312355043057,-0.14846368608625113,132.99334654640236,26.424388589456566,0.0853074916816298,0.046466811834288926,0.9562652133994034,0.7915396341463414,0.1113100118005724,2.792712588627229,0.008460365853658613,0.3093066751494508,0.40845302949688506,affine_blend,2.197036658891864,0.8500000000000001,0.9930099193040337,-0.026672832774873062
FedAvg,1,solar_station_site_8,solar,1.8975374435687904,1.3775113224829734,0.7893149818876246,0.947554352767793,-0.03866495415903032,127.08217443026419,21.071337754296906,0.06097206066689308,0.03493703476367231,0.9735516051964814,0.8012326656394453,0.09256122091890506,2.091189447167109,0.0012326656394452407,0.1812538183112797,0.2749625914820976,affine_blend,1.2875112218320326,0.8,0.9733716897919324,0.031293394816653795
FedPer,1,wind_farm_site_1,wind,73.96549976878312,8.6003197480549,5.086703864356513,0.880998003715231,0.24506524249440856,57.534019118431445,24.477141511604465,0.10579007275737923,0.0625700889815431,0.9391300079106173,0.8810975609756098,0.23551162265280404,19.14617512214614,0.08109756097560972,1.108657239049219,1.8048393313820936,affine_blend,10.897108397643839,0.25,1.4304792572194183,4.040935758021011
FedPer,1,wind_farm_site_2,wind,341.30322995544583,18.474393899542303,10.990607861830004,0.8931183639140573,0.08276193874594366,60.72715052240029,15.757694121328575,0.10294030716865403,0.06124025261229458,0.9457399530922518,0.8201219512195121,0.19690542118340273,35.33803630425894,0.020121951219512102,3.0304631470104098,3.6297853316790354,affine_blend,19.046928250935714,0.15000000000000002,1.5278812184100135,12.03699514866681
FedPer,1,wind_farm_site_3,wind,33.404909640996124,5.779698057943523,3.601881791144528,0.9140960679655609,-0.02208015439093027,71.89828798051697,23.908932359962815,0.06788628794767908,0.0423064288092139,0.956084372157726,0.6032774390243902,0.12850497363705216,10.940647500693789,0.1967225609756098,0.8684321176013454,1.146616431157623,blend,6.80375538308764,0.15000000000000002,,
FedPer,1,wind_farm_site_4,wind,16.017141882720193,4.0021421617329125,2.362022706240928,0.963159277921511,-0.18207558425492806,67.4540311048966,12.405284321003048,0.06512957160015988,0.038438796212254205,0.9814551451938704,0.8117378048780488,0.11387213837030502,6.997320492391556,0.011737804878048763,0.6180524020552326,0.7298608550810362,blend,4.416080418427961,0.05,,
FedPer,1,wind_farm_site_5,wind,5.414218677547534,2.3268473687690676,1.3060604840473264,0.952500542811863,-0.05558824678013964,91.18612743510329,18.2301377504901,0.06688809686135253,0.037544319123070394,0.9760213532525285,0.8280647648419429,0.11133147075849094,3.8729064205930945,0.02806476484194287,0.32710184292694683,0.4570960650833479,blend,2.882848410418678,0.05,,
FedPer,1,wind_farm_site_6,wind,20.504512155743214,4.528190825897603,3.038902441660563,0.8589718696768976,0.16399982240464953,4.683646508708407,4.169007043747838,0.09960112629270493,0.06684305443842344,0.9293873683464224,0.9166666666666666,0.29628883165667025,13.470252990722656,0.11666666666666659,0.7708404064178468,0.9931639406416148,blend,5.116280948509377,0.0,,
FedPer,1,solar_station_site_1,solar,14.949607707884391,3.866472256189664,2.247531347767865,0.9183387946839857,0.24248684848373164,130.34896866332696,25.179233530006744,0.09032499997786222,0.0525047783835485,0.958971719231624,0.7595274390243902,0.11014767878878237,4.715006301963991,0.040472560975609806,0.6603560254560852,0.6737632331042568,affine_blend,3.115695983761299,0.7000000000000001,1.1582095693735377,0.5684187826750801
FedPer,1,solar_station_site_2,solar,77.42412402528858,8.799097909745553,5.282788542860325,0.8909572121744596,0.7936567869250781,115.19303494013391,30.164880234689402,0.0949980573703197,0.05703478404463226,0.9446331429682248,0.7473323170731707,0.1323743899899772,12.26104249399696,0.05266768292682933,1.323315484820228,1.7417138640937675,affine_blend,7.289848832583808,0.65,1.4174033223903961,-2.0386446662303124
FedPer,1,solar_station_site_3,solar,8.491435304444384,2.914006744062955,1.792229186467265,0.857400024081994,-0.3610862501092159,52.134789377092716,31.012864365236076,0.11177477502988167,0.06874589927683383,0.9271481693770696,0.421957671957672,0.22897439128068306,5.969440960460385,0.37804232804232807,0.3786343276990853,0.5812365457273141,affine_blend,2.879857402911609,0.1,1.75,-3.8140991896901375
FedPer,1,solar_station_site_4,solar,44.75712428053024,6.690076552665914,3.5430239481162125,0.9202438547236831,-0.8232452084005433,90.40334108602477,27.617376658197617,0.07080426262520895,0.03749750785883905,0.9608672613438876,0.2782012195121951,0.09994565774997104,9.443557162556926,0.5217987804878049,0.8545748806087811,1.4082507900075778,affine_blend,6.91873580091269,0.8,1.4700666945444558,4.061117560968677
FedPer,1,solar_station_site_5,solar,32.38995278654513,5.69121716213194,2.8221479533128146,0.9229304598301948,-0.7095520485828579,73.57301525383377,24.766757981210937,0.06993913821247713,0.03468126239780772,0.9617604720188193,0.31364329268292684,0.12048846456341984,9.80461062129484,0.4863567073170732,0.8259710864269347,1.2036851095194538,affine,6.33514049204856,,1.75,-3.4265427663339483
FedPer,1,solar_station_site_6,solar,3.785635728293156,1.9456710226277094,1.1163002732866651,0.9503713329133504,-0.17574023370374237,123.25916230778651,19.435757603772366,0.07013144604476337,0.04023689075660258,0.975276549566414,0.859375,0.09837874767720246,2.7293416775658863,0.059374999999999956,0.2314097074225219,0.35150693592252247,affine_blend,2.145160135221084,0.8,1.5449813360168512,0.6907716184667408
FedPer,1,solar_station_site_7,solar,4.744265014987625,2.1781333786037127,1.1797222140391541,0.9098277409740354,-0.08905695050548232,133.4818431122904,26.73928651738932,0.08681453761583693,0.04702055417404914,0.9540134010541825,0.8227896341463414,0.11401377357137125,2.8605486207308584,0.022789634146341387,0.3104659900040929,0.4048197410072856,affine_blend,2.2263233245187233,0.8,1.5257624527243316,1.3672868301694299
FedPer,1,solar_station_site_8,solar,1.9834671605276368,1.4083561909288562,0.8234706115701035,0.9451793589895879,0.24316419273826256,111.5256506956411,21.98314714061952,0.06233733088968498,0.03644884747339454,0.9730446555375771,0.8070107858243452,0.10020503559707467,2.263882335532247,0.0070107858243451115,0.20821364168145573,0.2752677316757994,affine_blend,1.2579558482435256,0.7000000000000001,1.4276581812477205,-1.0695914308387473
FL+MoE,1,wind_farm_site_1,wind,73.79255842200611,8.590259508420344,5.041198066567413,0.8812762464847785,-0.1638281668657569,58.279794033833475,24.25816830581452,0.10566632462776612,0.062010335181682336,0.9392429228677335,0.8711890243902439,0.2290004719469485,18.6168439993048,0.07118902439024388,1.1050769347298846,1.776337149523892,blend,10.825444517434578,0.25,,
FL+MoE,1,wind_farm_site_2,wind,339.18193401289,18.41689262641475,11.180987958182625,0.8937826634608047,-0.40378675307572004,61.07887682129919,16.03065002721003,0.10261990701098035,0.06230106065308352,0.9456128034786712,0.8121189024390244,0.19256413940463998,34.55891924296664,0.01211890243902436,3.0618038689238745,3.5833149378885603,blend,18.802426496302996,0.25,,
FL+MoE,1,wind_farm_site_3,wind,33.6774503297857,5.80322757866566,3.510854785986064,0.9133952034202586,-0.00800278512382425,56.29435230949845,23.30470417162681,0.06816265737096038,0.041237257821170784,0.9564413516103644,0.6070884146341463,0.12589470865804586,10.718414942603292,0.19291158536585373,0.8895386967386305,1.112545883266517,affine_blend,6.849848269453845,0.05,0.9850290372394657,-0.7324718341434194
FL+MoE,1,wind_farm_site_4,wind,16.045783320212877,4.005718826903965,2.375501286740338,0.9630934002982544,-0.13356848147243122,67.38677385713426,12.476073489497033,0.0651877770963502,0.03865814228698852,0.9814249036833691,0.8052591463414634,0.11025126638218423,6.774821801092621,0.005259146341463405,0.6225993724150032,0.7293720399715622,affine_blend,4.411181006793814,0.2,0.9810321653990189,-0.8212851391513457
FL+MoE,1,wind_farm_site_5,wind,5.427388399215969,2.329675599566594,1.3074124285965303,0.9523850035867549,0.007393563435677899,89.87522370971546,18.2490083431342,0.0669693978431317,0.03758318243622624,0.9760288700784864,0.8284502698535081,0.11085436006494405,3.856309091412204,0.02845026985350807,0.3274227798674079,0.4550794285019846,blend,2.8893441750854336,0.05,,
FL+MoE,1,wind_farm_site_6,wind,20.077064089145637,4.4807436982208255,3.067141884171136,0.8619118177812273,-0.34632479890084017,4.705947899134309,4.207748147484541,0.0985574893220779,0.06746420323450442,0.9292875890935237,0.8611111111111112,0.27969781762381274,12.715971585157604,0.061111111111111116,0.8023436534613074,0.9222474829806827,affine_blend,5.017804180570669,0.1,0.9190987303564071,2.6936193163745266
FL+MoE,1,solar_station_site_1,solar,10.990894954448741,3.3152518689307366,1.6890051607540864,0.9399629912021953,0.1228757185534471,126.57377811863459,18.92202990550065,0.07744789181104302,0.03945699878319221,0.9697171854203881,0.8319359756097561,0.1042890163985224,4.46421908252448,0.03193597560975603,0.546798743596137,0.5138244898079404,affine_blend,3.110923914805986,0.8,0.982017171459543,-0.16197493261876422
FL+MoE,1,solar_station_site_2,solar,57.73087695136578,7.598083768383037,4.103364944863605,0.918692838367354,0.44092396359718605,103.90248842716991,23.430336292433758,0.08203149972156855,0.04430132525423664,0.9587655652401167,0.7942073170731707,0.11929475724875835,11.049554887836125,0.005792682926829329,1.1515196887085715,1.4335621220415964,blend,7.203259014545632,0.8,,
FL+MoE,1,solar_station_site_3,solar,5.822790942659848,2.4130459885090976,1.514858253072195,0.9022156068522025,-0.08372282839040456,91.5822255751751,26.213217533685405,0.09255904196237365,0.05810657123024355,0.9506171987277036,0.40343915343915343,0.14526288756642994,3.7870533303911555,0.3965608465608466,0.33490094627593914,0.4908438448675902,affine_blend,2.265314085206075,0.65,0.9895672066257497,-0.09732472408855568
FL+MoE,1,solar_station_site_4,solar,42.42719869810863,6.513616407043681,3.1348461719008385,0.9243957274416418,0.4399652306639691,50.86163720497565,24.43568792159196,0.06893670096202581,0.033177568283048915,0.9617496807237067,0.28010670731707316,0.09744223680978473,9.207016633605349,0.5198932926829269,0.9792054013994028,1.25820730606209,affine_blend,6.754038293069328,0.8,0.9978633232943123,-0.3545879123259361
FL+MoE,1,solar_station_site_5,solar,25.720895174548666,5.0715771880696705,2.3231604658450697,0.9387989980435638,0.4660758121207592,44.049756386983056,20.387716718239872,0.06232440755762322,0.02854922528551623,0.9693799155939846,0.3094512195121951,0.08814010463401022,7.1722999308517945,0.4905487804878049,0.8199513537201132,0.9146013160457197,affine_blend,5.712239348868969,0.9,1.012579874848827,-0.22730799896983395
FL+MoE,1,solar_station_site_6,solar,3.267440061073342,1.8076061686864597,0.8443325420074335,0.9571647388562385,0.1619963977776763,120.09271813066316,14.700563115619058,0.06515491725739314,0.03043385105960046,0.9786695356567698,0.8578506097560976,0.09963666160187991,2.7642402403396042,0.05785060975609757,0.2503256909627249,0.3302682562493553,affine_blend,2.0618984847096367,0.9,0.9916509779610446,0.02361757645832843
FL+MoE,1,solar_station_site_7,solar,4.7128422010912185,2.170908151233308,1.1460625428734332,0.9104249812430846,0.1882228809797138,132.86902073807795,25.976364890017607,0.08652655948764118,0.04567897022090004,0.9546035310856127,0.8109756097560976,0.10431959933512996,2.6173266320888846,0.01097560975609757,0.3591577584524894,0.3460961574303949,affine_blend,2.099567059242991,0.9,0.9644824106403975,-0.18560986526988324
FL+MoE,1,solar_station_site_8,solar,1.342449619158852,1.1586412814839855,0.5929579557742728,0.9628963110098104,0.08391241222451394,119.0225669028065,15.829444071031187,0.051284330918217554,0.026245786776705596,0.9813783309668,0.8097072419106317,0.07476665770054648,1.689165765437786,0.009707241910631659,0.16340485153688847,0.2247293446635841,affine_blend,1.1209538997806152,0.8500000000000001,1.0045678869419945,-0.018607114397640657
Local,6,wind_farm_site_1,wind,316.25115219569676,17.783451638973148,13.366527862482194,0.49127312418512403,1.0956385391662582,98.58572135418983,64.29748346085351,0.21874915094753228,0.16441783520959635,0.7058406227846946,0.8661837590545177,0.5577135299623697,45.33993181470993,0.06618375905451768,1.8563922933819432,4.076430204174099,affine_blend,21.231123334894136,0.9,0.8570093035435163,4.22889196082688
Local,6,wind_farm_site_2,wind,1965.7532716231497,44.336816209817655,37.19801633543592,0.38463983745992003,-0.37263419616165433,85.7765601100541,53.33464740083292,0.2470471022939411,0.20726932902135703,0.6259761828368017,0.7479984750285932,0.5321425230130857,95.50205212359813,0.052001524971406865,6.388922405493356,8.225478872638911,affine_blend,38.90332210476871,0.9500000000000001,0.8233020665316058,18.83994130067126
Local,6,wind_farm_site_3,wind,234.1581492902486,15.302226938921295,10.863814595640823,0.3979325882376279,-1.6105625432011315,107.28811926408271,72.08590142491964,0.17973454215114532,0.127602521525542,0.6394140279943656,0.5756767060617614,0.31887540331707487,27.148391891718752,0.2243232939382387,1.6801615681302378,3.517219039448976,affine_blend,14.18050181499441,0.8,0.8780111065852408,-1.425747466174769
Local,6,wind_farm_site_4,wind,130.23516832673806,11.412062404611099,8.162694605648731,0.700503497944984,-0.8808272051625489,92.11880636361799,42.8573805719562,0.18571622532388538,0.13283706107497262,0.8386788326613355,0.7872664887533358,0.3617907435252021,22.231652271198964,0.01273351124666422,1.6038012827820527,2.2362236913423517,blend,11.935762462969562,0.8,,
Local,6,wind_farm_site_5,wind,43.96272143808851,6.630439007945742,4.525353759657665,0.6143925699890809,0.26755020867691254,114.45819654711403,63.14104139245029,0.19060014530793262,0.1300868740556867,0.7843625237626215,0.8060161974546857,0.335743633136182,11.679569699273026,0.006016197454685623,0.826453991706278,1.4379981078953394,affine_blend,7.347006586439375,0.4,1.0544157803041738,1.3585798284157828
Local,6,wind_farm_site_6,wind,175.1132823129006,13.233037531606286,11.868879033478214,-0.19211195911060241,-8.00729451783946,17.291038252554195,16.30217124460607,0.2910710906624293,0.26106534927930475,0.49727838581023714,0.647887323943662,0.619302935294571,28.155523681640638,0.15211267605633805,2.5119842529296883,1.7590496417838075,blend,11.857493026688163,0.6000000000000001,,
Local,6,solar_station_site_1,solar,24.03319306662093,4.902366068198185,2.354249928804916,0.8686911882763712,0.6630980538620226,128.81815015850177,26.393990637720062,0.11452460684092708,0.05499784058369177,0.9347302957184378,0.8597026305756768,0.17622544622386957,7.543546070592114,0.05970263057567671,0.8838344012713377,0.7247775560601489,affine,5.114371121394913,,1.0653374126355786,0.1193680680058303
Local,6,solar_station_site_2,solar,104.47071168348353,10.221091511354524,5.384123265610392,0.8527805232767439,1.4246284261778046,82.3698017766334,30.771777978542147,0.1103503845215223,0.058128828218723595,0.926467614224855,0.8131910026686999,0.17336438425283016,16.05769879227025,0.01319100266869988,1.743867566333876,1.8487949085288977,affine,10.392879990517821,,0.995666846835763,0.40973933468235546
Local,6,solar_station_site_3,solar,26.39536079838358,5.137641559936191,3.235168765040339,0.5566777696537777,-2.7120468166557816,114.33172821557618,56.08490392379606,0.19706842845029177,0.12409383115973725,0.8690687177243294,0.3483443708609272,0.20896812799640452,5.447870810859982,0.45165562913907287,0.46652260322024997,1.3965640939796855,affine,3.4329005801499424,,1.2469952897230072,-0.029778246990977208
Local,6,solar_station_site_4,solar,214.45131578679582,14.644156369924346,7.856449177664659,0.6179689971755681,0.43461592853443404,120.69741510221976,61.258791316687564,0.1549860730857512,0.08314853895884172,0.7864226312639291,0.2500953107129241,0.20221485058840888,19.106657994354943,0.5499046892870759,1.7834848676876047,3.24106934221014,blend,13.454442627168557,0.9500000000000001,,
Local,6,solar_station_site_5,solar,140.24229825734318,11.842394110032954,6.294702794343669,0.6664129806202168,-0.6873802137987851,94.0665963287176,55.25504909573732,0.14553070368482604,0.07735534881173836,0.8170346714164706,0.2558139534883721,0.20120344242419141,16.372699376503032,0.5441860465116279,1.5629514902169408,2.5330786231511313,affine,11.06548929381516,,0.9253789450612371,-0.9143083852438938
Local,6,solar_station_site_6,solar,11.173888336037272,3.3427366537071497,1.8552503683060166,0.8535606373578775,0.6861880405228411,127.99505422283859,32.30883568233436,0.12048848574344656,0.0668722459198986,0.9272904681763966,0.85055280213496,0.20578285551236877,5.70907576422199,0.05055280213495994,0.5453256484283415,0.5548372405454628,blend,3.631147044326151,0.9500000000000001,,
Local,6,solar_station_site_7,solar,15.753460795059732,3.9690629618412117,2.1557796123377932,0.7006944033357059,0.9369175256312907,137.21090549043032,48.86086709659695,0.15819617346908127,0.08592357662078881,0.8546672572193007,0.7777354174609226,0.19420302251621593,4.872456816393083,0.022264582539077482,0.8256221245986116,0.5580522133341668,affine,3.054497379471149,,1.0967810450819808,-0.15583468961361435
Local,6,solar_station_site_8,solar,9.152767861263271,3.025354171210913,1.500070886851799,0.7470881798355713,0.5387881206991477,127.73067817727394,40.03005794860541,0.13390966379384503,0.06639685033797499,0.8857467617335044,0.7973025048169556,0.13481049862992736,3.0457062828636574,0.002697495183044407,0.559172883545832,0.4749155337949339,affine,2.1539321121967023,,0.9557048379231283,-0.06696188042360433
FedAvg,6,wind_farm_site_1,wind,344.3273773367036,18.556060393755555,15.619287106323299,0.44610924034946586,5.605939509771492,103.49335183871624,75.13401121977293,0.2282527902046546,0.19212838217672615,0.7238892546654071,0.8688524590163934,0.6152937471948224,50.02097859399775,0.06885245901639336,1.7936833038914017,4.326164651689241,affine_blend,21.70578782139512,0.8,0.7119018266570852,14.841957223439586
FedAvg,6,wind_farm_site_2,wind,2233.406509487923,47.258930473381675,39.55939787400567,0.3008535646176279,8.452372435866305,84.27201953426237,56.72040460365657,0.2633292786678376,0.2204270727743892,0.5748089606676019,0.7792603888677088,0.5887233110747948,105.65643959871957,0.02073961113229128,7.192979810332456,8.032463806675937,affine_blend,42.13568609582148,0.8500000000000001,0.8330111096333411,44.50239519301321
FedAvg,6,wind_farm_site_3,wind,224.9744742391734,14.999149117172394,10.512259728118115,0.4215456526781648,-1.4192713675252386,105.6153023898399,69.75318953053022,0.17617469731642707,0.12347328246723964,0.653747618653188,0.5863515059092642,0.32301346876919945,27.50069822014432,0.21364849409073583,1.7197536687413706,3.3935856370672712,affine_blend,14.50008219558138,0.8,0.817532226691185,-0.9293803069561398
FedAvg,6,wind_farm_site_4,wind,127.63426286751196,11.297533486009765,7.817586193365253,0.706484694093629,-1.2909376237890136,83.76743500784075,41.045424682588326,0.18385241861665322,0.1272208780061778,0.8428251540022443,0.7941288600838734,0.3548215711212323,21.803404118707746,0.005871139916126644,1.5954587480966762,2.139187877762567,affine_blend,12.120127062322926,0.9500000000000001,1.2308446118805156,-4.6307764754416
FedAvg,6,wind_farm_site_5,wind,43.74971835669368,6.614356987394442,4.612792642901201,0.6162608704062136,0.6652378670131887,114.56581964041861,64.36105256492655,0.19013784779637272,0.13260041257580726,0.7876492710153601,0.7994600848438103,0.33939247474728645,11.806502560278961,0.0005399151561897853,0.8650228246229054,1.4223415874196672,blend,7.22450831868945,0.45,,
FedAvg,6,wind_farm_site_6,wind,143.9416827527466,11.997569868633672,10.540392485715229,0.020093740705286356,-5.9687569538226555,15.457520127888621,14.477465209882833,0.2638960056314455,0.2318442405607534,0.517964916968233,0.704225352112676,0.6671270017623312,30.329761133534696,0.09577464788732404,2.523652100163626,1.4655857698188288,affine_blend,12.048149591208984,0.55,0.6006024073473683,24.57291137350927
FedAvg,6,solar_station_site_1,solar,27.551157770462257,5.248919676510802,3.1361621682013734,0.8494702814386257,0.4862414655097532,132.45652395132416,35.16017305261139,0.12262047630256734,0.07326416148981306,0.9228875847132618,0.7682043461685093,0.20623590335181527,8.8281804454519,0.031795653831490744,0.9925357599347205,0.9476124854191811,blend,5.395690310648792,0.9500000000000001,,
FedAvg,6,solar_station_site_2,solar,166.9722674382831,12.921774933742,8.309273879176255,0.7647037198900802,2.9998996201315498,110.63040942039402,47.48983601584091,0.13950788240717268,0.0897097503376356,0.8827317498047444,0.7689668318719024,0.24966915848349702,23.125350468760608,0.031033168128097643,2.26304053895363,2.641959440802037,affine_blend,12.14339356371685,0.9500000000000001,0.9938569187327642,1.5017597203396402
FedAvg,6,solar_station_site_3,solar,19.062495588772215,4.3660617939708795,2.862670520924923,0.6798366150427071,-0.24487383613323704,105.5314360367867,49.627272266754716,0.1674723559861169,0.10980563243821533,0.8264264804990277,0.3536423841059603,0.25979350379774074,6.77290580032906,0.44635761589403977,0.5804492826338332,0.9697421525426935,affine,3.650490494248161,,0.8985157893111921,-0.28901058720101264
FedAvg,6,solar_station_site_4,solar,222.4616451603023,14.915148177618025,8.410871086141666,0.603699118941027,2.181606814405858,98.92839728171529,65.58176410308931,0.15785410829733296,0.08901624975466704,0.7927868905165919,0.2310331681280976,0.2397731322141237,22.65542426839502,0.5689668318719024,2.460992221860158,2.7369910081068682,affine,13.835158545013412,,0.9348842511608086,-0.6631964043062616
FedAvg,6,solar_station_site_5,solar,158.21264335058018,12.578260744259525,6.965578274085886,0.6236678607001277,2.236624215177437,94.46996341261044,61.144009826908366,0.15457373907970864,0.08559971052986973,0.8129898823378708,0.2573389248951582,0.2298205974498126,18.70138754704372,0.5426610751048419,2.2153772846161432,2.18903107045456,affine,11.490523083728649,,0.9907933150467785,-0.4292154645952242
FedAvg,6,solar_station_site_6,solar,14.076514985301648,3.7518681993510445,2.279716407198584,0.8155202718446977,-0.6375731427083573,129.48324343991482,39.70083179110388,0.13523557637944955,0.0821720662688829,0.9189601399887489,0.7773541746092261,0.2339641691011175,6.490915699394796,0.022645825390773977,0.4903363485966908,0.7513625284390464,affine_blend,3.7306840541755366,0.9500000000000001,0.8953164150049373,-0.07086601061986603
FedAvg,6,solar_station_site_7,solar,12.32312692467705,3.5104311593701776,2.079486265078834,0.7658685348607993,-0.28570434346748924,138.1083421404185,47.131674056900266,0.13991634347402165,0.08288272901682026,0.8814401738650305,0.7598170034311856,0.22224598562585607,5.576040751313645,0.04018299656881441,0.5096666183796138,0.7195148382026204,affine_blend,3.2152914305507587,0.9500000000000001,0.8729909259978634,-0.17303947190801933
FedAvg,6,solar_station_site_8,solar,8.4096397065062,2.899937879766772,1.6590305470898288,0.7676225031226807,0.11292601376907173,133.98355331094822,44.27196709209485,0.12835842831160932,0.07343279834757233,0.8785135800695707,0.7880539499036608,0.18789428829625615,4.245001837349936,0.0119460500963392,0.4430414291699651,0.5391378429615314,affine,2.5315580333078076,,0.9823712013565421,-0.18624178319077667
FedPer,6,wind_farm_site_1,wind,332.5961876137297,18.237219843323974,14.794524906249686,0.46498022771480874,3.4083245597941634,102.16577983308046,71.1666283314151,0.22433082381081346,0.18198321830964354,0.7128530340932645,0.8734273732367518,0.5920506441057035,48.13140508966833,0.07342737323675175,1.7903227603051834,4.251440005615387,affine_blend,21.64393094450164,0.8,1.2786232121903351,9.775572586198148
FedPer,6,wind_farm_site_2,wind,2135.9190254742957,46.21600399725506,39.220267496407686,0.33137108422410144,0.5049357308732719,86.39462888391026,56.23415826866399,0.25751803677321417,0.21853742024072623,0.5865299525750092,0.7647731605032405,0.5633677418815681,101.10595023544896,0.03522683949675953,6.624570985024635,8.367535870471464,affine,40.854670013848796,,1.6639460548856373,12.104499279235775
FedPer,6,wind_farm_site_3,wind,230.95811076408148,15.197306036402685,10.508438599260968,0.406160526999653,-2.266728604822754,105.53310703541521,69.72783476073889,0.1785021783617741,0.12342840083998491,0.6512757545003491,0.5817765916889058,0.3101465114872525,26.405232106701394,0.2182234083110942,1.6495033678835611,3.502946368190192,affine_blend,14.464382116966803,0.8500000000000001,1.0220110382579446,-4.356050485708072
FedPer,6,wind_farm_site_4,wind,134.04802524904122,11.57791109177477,8.128806824027183,0.6917352264731715,-1.9869368626104662,83.7373463009028,42.67945629279857,0.18841519340370533,0.1322855822393144,0.838657310583198,0.7960350743423561,0.366662241221412,22.53100056786024,0.003964925657643947,1.5495497288655786,2.2081796197999837,affine_blend,12.371554604365594,0.8,1.6179419224623939,-5.279769722492894
FedPer,6,wind_farm_site_5,wind,43.84311486522222,6.6214133585830615,4.265990801865944,0.6154416675350628,-0.5536961178147942,114.16732285768919,59.52221994260319,0.19034069188743305,0.12263116601231944,0.7865562453837823,0.8037022753567297,0.33023126362037375,11.487809982590875,0.003702275356729623,0.8491147367471407,1.4155918481202792,blend,7.265502815780663,0.35000000000000003,,
FedPer,6,wind_farm_site_6,wind,177.35170968157885,13.317346195153855,10.942148364429741,-0.20735041504356655,-6.428708594953507,16.523271049153763,15.029285909618439,0.2929255261684475,0.24068117777325454,0.43578240011649133,0.8591549295774648,0.7562979037110338,34.38376007080077,0.05915492957746471,2.518735389172191,1.86689694794131,blend,13.05609544064366,0.2,,
FedPer,6,solar_station_site_1,solar,27.169386406244158,5.21242615355308,3.1210934462308133,0.8515561442720255,0.09476993345386762,132.13312521730566,34.99123444428986,0.12176794788856632,0.07291213974454427,0.9228939031768262,0.7792603888677088,0.18382325829943452,7.868779722461635,0.02073961113229128,0.9166982822962499,0.8539520803616207,affine,5.309967668677529,,1.5059820621690168,-0.03492917333676465
FedPer,6,solar_station_site_2,solar,151.42868313738282,12.305636234562714,7.647299391890637,0.7866076421502761,2.6377653818599014,98.47752601800286,43.70646573523813,0.13285583919852967,0.08256284835224041,0.8931150104616257,0.7769729317575296,0.24249499189467064,22.46085062546559,0.023027068242470472,2.1739398627454736,2.4742275756239134,affine_blend,11.86772457507439,0.9500000000000001,1.6219830382276224,-2.047889913730448
FedPer,6,solar_station_site_3,solar,42.21656383927033,6.4974274785695245,4.215871649663834,0.2909533845081931,-2.466107896662052,128.22386315525696,73.08637465270023,0.24922677209644437,0.16171139828558018,0.8389666043581948,0.4304635761589404,0.5968063832381243,15.558947223922278,0.36953642384105967,0.49779451098810534,1.3580259249659423,raw,6.930409411732742,,,
FedPer,6,solar_station_site_4,solar,216.16560183392994,14.702571266072134,9.067710034148663,0.6149151086260304,0.03979856533425738,123.33668727862685,70.70330936287723,0.15560430571963998,0.09596788879960755,0.7923410018599372,0.23980175371711782,0.2321555549488589,21.935662870409292,0.5601982462828823,2.1648140656113686,2.7325802334878797,affine,13.935114948522797,,1.442536833030854,0.8376621069862498
FedPer,6,solar_station_site_5,solar,150.9271288971405,12.285240286503985,6.109157100061643,0.6409975328558961,-2.2797436427195708,42.904409355728696,53.626324629783404,0.1509728224901243,0.0750751852566616,0.8245137529889817,0.26420129622569577,0.3408479224167257,27.736108784208866,0.5357987037743043,1.6903688124068554,2.979772337144401,affine,13.645954285173197,,1.75,-9.364681284176132
FedPer,6,solar_station_site_6,solar,15.111909893294452,3.887404004383189,2.5212941192537586,0.8019509067454991,-0.9888123021973882,134.5538000889889,43.90786213948299,0.14012094594460248,0.0908797018771543,0.9174872650459001,0.7544796035074343,0.2284725496599188,6.338560580305716,0.045520396492565784,0.4697941326217855,0.8058000985980039,affine_blend,3.758836215193412,0.9500000000000001,1.5841788764488218,0.23271939193527644
FedPer,6,solar_station_site_7,solar,13.03391505653211,3.6102513841188553,2.155902275409117,0.7523640186992779,-0.6322003066543443,138.9430004647344,48.863647262060674,0.14389490913092398,0.08592846564086633,0.8792649667757727,0.7563858177659168,0.2158132247238041,5.41464599391324,0.0436141822340832,0.4804826370306952,0.777850308085647,affine_blend,3.2436845150789493,0.9500000000000001,1.3326640803945864,1.1367205820985697
FedPer,6,solar_station_site_8,solar,7.841701506846981,2.8003038240246325,1.477051064628061,0.7833159289796428,0.19757926354753763,129.25124469097707,39.415763767137264,0.12394837839619499,0.06537793602906251,0.8866885595436885,0.7818882466281311,0.17831036418883148,4.028477025372186,0.018111753371868988,0.4388551539258038,0.5224693676615748,affine,2.3924340514339684,,1.461419791845472,-1.226770347855224
FL+MoE,6,wind_farm_site_1,wind,314.45296810048256,17.732821774903243,12.686420599919467,0.4941657130991788,0.04027977657328155,96.55378567342966,61.02593935335388,0.21812636747429423,0.15605203034453827,0.7029997210210276,0.8696149447197865,0.5363043386173832,43.59944817276698,0.06961494471978646,1.8413456208060373,4.024561396331125,affine_blend,21.180643059122897,0.9,1.122463412215848,-1.024360602538987
FL+MoE,6,wind_farm_site_2,wind,1937.0781284504808,44.012249754477224,36.357437757903476,0.39361631534161434,-0.24805320021987748,85.12845056666636,52.12942286302125,0.2452386007110982,0.2025855803992859,0.6310800557240505,0.7582920320243995,0.5284222757443682,94.83439029766846,0.0417079679756005,6.475159699388669,8.200307804793447,affine,38.80371200474038,,0.9127081417118389,8.901315620506749
FL+MoE,6,wind_farm_site_3,wind,220.3024702120494,14.84258974074435,10.460069512426255,0.43355830899988557,-0.8056554489214407,105.94026354656269,69.40688587166456,0.17433580628742323,0.1228602746638926,0.6601414725857979,0.5764391917651545,0.31477670387138956,26.79943710360927,0.2235608082348456,1.8764133802480378,3.248741048722073,affine_blend,13.967574669391286,0.8500000000000001,0.9623408676429143,-1.2252876607046885
FL+MoE,6,wind_farm_site_4,wind,121.97345938006767,11.044159514425155,7.882008876347955,0.7195026128715811,-0.9925949699243553,89.81553746319399,41.3836692911941,0.17972909226864778,0.12826927198481136,0.8505443023529761,0.7865040030499428,0.3360349767993577,20.648988092873456,0.01349599695005721,1.5488113922697164,2.186369438715232,affine_blend,11.630991370885567,0.9,1.0870158152972254,0.5958443117638272
FL+MoE,6,wind_farm_site_5,wind,43.42438307271338,6.5897179812730515,4.351757228828077,0.6191144631466945,-0.13763659320909027,113.63487192975761,60.71889578332426,0.1894295691829427,0.12509662771431757,0.7872547763345569,0.783262630158118,0.32110862782897126,11.17045933152566,0.01673736984188201,0.856568736250732,1.4321206491436256,blend,7.24275196903714,0.6000000000000001,,
FL+MoE,6,wind_farm_site_6,wind,138.06417429674144,11.750071246453846,10.498358185826765,0.06010582903824124,-6.3904119013060505,15.504554138909896,14.41973015731418,0.2584520783605322,0.2309196630036699,0.5870968778359296,0.8028169014084507,0.6553808196455194,29.79574152873264,0.0028169014084507005,2.5024970878974786,1.2065676414849693,affine_blend,11.420420090838796,0.7000000000000001,0.7543527949455253,10.493746455875067
FL+MoE,6,solar_station_site_1,solar,23.607211010000206,4.858725245370457,2.414767596444925,0.871018602595201,0.19560993179382025,128.43258354588244,27.07246692588454,0.11350510972320224,0.05641159916413765,0.933472552690775,0.8463591307662981,0.1812877711843383,7.760245090977012,0.04635913076629805,0.819488495735323,0.763542842830216,affine,5.132121090423632,,1.0048104568303096,-0.13046723816077221
FL+MoE,6,solar_station_site_2,solar,107.31763932853464,10.359422731433188,5.386431506570401,0.8487686505574001,1.284074525134549,116.28178938770155,30.784970224491655,0.11184385547910586,0.05815374877414787,0.9254000414715622,0.8166221883339687,0.16728518988672586,15.494619631280612,0.016622188333968668,1.707975180890434,1.8041849260048173,affine,10.387683187956082,,1.0431673720609422,0.07528780648810525
FL+MoE,6,solar_station_site_3,solar,14.588430357202997,3.819480377905219,2.2709820567922714,0.7549805993331289,0.6447271174990642,96.42903384656411,39.36975772151756,0.14650671651368696,0.08710978758440723,0.8750303919914826,0.36821192052980134,0.20662244696595392,5.386718101401821,0.4317880794701987,0.7299969596062239,0.6393747013444463,affine,3.3021942768156562,,0.9843692077470996,-0.02957880510917188
FL+MoE,6,solar_station_site_4,solar,207.88704048387893,14.418288403409017,7.632136159606728,0.629662824595504,0.0849028555044289,93.63245594444541,59.509763982317196,0.15259560495076394,0.08077452758306784,0.7951557613221559,0.24170796797560046,0.20869951350582774,19.719373807319574,0.5582920320243996,1.986094320967921,2.9629465868534286,affine,13.274882762450765,,0.9728080676283837,-0.5043298340409269
FL+MoE,6,solar_station_site_5,solar,132.37369571217278,11.505376817478547,6.000428003130384,0.6851296139208989,0.056906912786891826,80.09875188683809,52.671898061070664,0.14138911176652927,0.0737390177688716,0.8283158019664475,0.25657643919176515,0.20138877076130837,16.387780257391572,0.543423560808235,1.715031998288189,2.272935752268593,affine,11.020363047357293,,0.9490942644956123,-0.4114601171393772
FL+MoE,6,solar_station_site_6,solar,10.71076064259118,3.2727298456473886,1.7187934366603428,0.8596301560617143,-0.07237674967393315,125.800035730075,29.93246392272051,0.11796509991659772,0.06195367447187552,0.9275144160524671,0.8398780022874571,0.1963951337082616,5.44863028201871,0.03987800228745708,0.5105178015448201,0.5744402454563141,affine,3.6040350520916977,,0.9955306589137666,-0.1220152102383938
FL+MoE,6,solar_station_site_7,solar,15.475273554571928,3.933862421917158,2.0341157754541848,0.7059797815190638,0.7958194424802726,136.29628105994837,46.10334933809772,0.15679317463193315,0.08107438334026071,0.8572856247855896,0.7998475028593214,0.19060340904611753,4.7821443126971275,0.0001524971406786646,0.7850048908971706,0.5543774794957091,affine,3.017296034195614,,1.056758674150341,-0.1804765231802159
FL+MoE,6,solar_station_site_8,solar,7.893912490330171,2.8096107364420027,1.4429835186188646,0.7818732206027381,0.35914036158495205,127.58956264818084,38.50665616904437,0.12436032537570184,0.06387002212073922,0.8914602351433117,0.7699421965317919,0.13986126730132742,3.1598157775403504,0.03005780346820819,0.5178031140095792,0.4729009344917919,affine,2.169698437420049,,1.0262226117099447,-0.025028090492984524
Local,24,wind_farm_site_1,wind,596.3550350740098,24.420381550541133,21.080912748128316,0.04096987336387781,4.107902419967842,113.92102596969632,101.33318085237491,0.3003881270320203,0.2593102766813806,0.30602641235713557,0.876001526135063,0.7524337371449328,61.16992417153743,0.07600152613506295,2.068734112744523,5.330258552251086,affine,23.983561286300837,,0.5980470505982575,13.011167921507777
Local,24,wind_farm_site_2,wind,2996.3992215202243,54.73937542135665,49.945862407790344,0.062402294721706664,-4.234704154196369,96.03964235501584,71.64116935758399,0.30501071649415934,0.278301006572597,0.26324585142494644,0.6512781381152232,0.6197118446165755,111.2178604917239,0.14872186188477687,6.962768414806662,10.177032205470054,affine,43.85833985412809,,0.9516826666557004,1.4973968929905703
Local,24,wind_farm_site_3,wind,398.49027068964006,19.962221086082582,14.894508170274419,-0.024278922938299807,-1.1841517800481183,116.79345593044255,98.75682004985929,0.23446918422711058,0.17494562178669926,0.09908811316758374,0.5501716901945822,0.41039229073070593,34.93995028214454,0.24982830980541781,1.9863278610198176,4.869319294376777,affine_blend,16.25374265896113,0.9500000000000001,1.2131772143959747,-2.838832916100743
Local,24,wind_farm_site_4,wind,347.9060740929968,18.652240457730453,14.731897869695302,0.2000657731480725,-0.4813649515189528,110.21813302372875,77.29110740287905,0.3035405493614813,0.2397421576586652,0.4772448263897638,0.78634109118657,0.6915381185700037,42.49427399531171,0.013658908813430015,2.7091241202942666,3.584634007015833,affine_blend,18.067929737176183,0.9,0.9318456501139557,2.302598544945379
Local,24,wind_farm_site_5,wind,109.82657668075703,10.47981758814327,8.038071178869187,0.03709324607207176,-0.27827908941947577,131.93574798202894,112.06653637306457,0.3012552792819659,0.23106426781876663,0.2194964613420877,0.8247780779621767,0.7739325601477851,26.92292090351108,0.02477807796217668,0.7397147823756557,2.471195631899953,affine_blend,10.412870387371042,0.9500000000000001,0.624242668426779,4.3936181428135965
Local,24,wind_farm_site_6,wind,389.00762768677885,19.72327629190391,17.411301668952493,-1.5395810669283185,-14.723647285910214,25.918556662450776,23.938102785997636,0.43382900773984673,0.38297530363154725,-0.19174471336293186,0.6176470588235294,0.8763408508096799,39.84130249023437,0.1823529411764706,3.2249820529713356,2.382055183859432,raw,15.364985274645333,,,
Local,24,solar_station_site_1,solar,25.58309064168191,5.057972977555526,2.6567891764909017,0.8603132083531415,-0.08117786385755846,128.84623879319173,29.790720059654703,0.11815975359822159,0.06206548667808512,0.928130484494869,0.840518885921404,0.17705490820716477,7.579052206731177,0.04051888592140396,0.8768455949266114,0.7184598628824589,affine,5.115266502932419,,0.972837014422598,-0.26221621832593867
Local,24,solar_station_site_2,solar,109.68544179188055,10.473081771469205,5.615762547139275,0.8453377428298902,2.028107492118553,94.5953951314411,32.14305104371377,0.11307095717938791,0.060629684781704704,0.9278004834722723,0.8325066768409004,0.17775983676894355,16.46482308636137,0.03250667684090036,1.824206861426464,1.6965354340396972,affine_blend,10.926402165179656,0.9500000000000001,1.0244287911811725,-0.3329169930527145
Local,24,solar_station_site_3,solar,17.827649062744346,4.22228007867128,2.627153155327813,0.6995144670122275,-1.3944995229034496,101.78911752174815,45.87820743025793,0.1619572112755678,0.1007717135535449,0.8630294834052396,0.37101063829787234,0.19460009678237222,5.0732913062677865,0.4289893617021277,0.5108427178124695,1.010297538641901,affine_blend,3.492732125338192,0.7000000000000001,1.051007550519169,0.4565950852270994
Local,24,solar_station_site_4,solar,214.35077531367423,14.640723182741835,7.734922857968148,0.618397274012534,0.27821981683175206,113.02035259008028,60.280642065018775,0.1549497380326321,0.08186236810744273,0.7873719367913806,0.25906142693628387,0.23106929887573005,21.83302588196274,0.5409385730637162,1.9961093021062377,3.0584873538647868,affine_blend,14.032675628420309,0.8500000000000001,0.9383549543901114,-0.3798239373788002
Local,24,solar_station_site_5,solar,147.19405963771393,12.13235589808154,6.503322170527203,0.6500995147037067,0.7756045276106246,111.77168841279128,57.05551828564999,0.1490940324057196,0.0799190639132783,0.8096631989817324,0.26478443342235786,0.2142597522439497,17.435141614418168,0.5352155665776421,1.8692677288867987,2.338809516923457,affine_blend,11.658089329411233,0.8,0.9046599797199479,-0.12154041685101419
Local,24,solar_station_site_6,solar,12.59623404000001,3.5491173606968833,1.8325174968163906,0.8350242136887995,0.42810835174988826,127.84344135155656,31.899575914938755,0.12792745011543127,0.06605284267455239,0.9154734748189679,0.8351774132010683,0.19586668805101606,5.4339695062851,0.035177413201068264,0.653448475620727,0.547404297803332,affine_blend,3.611601920860368,0.8500000000000001,0.980949186637338,0.06314923669859311
Local,24,solar_station_site_7,solar,15.39786599766969,3.9240114675762214,2.0245028203380206,0.7076478375401365,1.0477282559010368,136.91575719276844,45.87092935279325,0.1564005420895076,0.08069123680675203,0.8652503500970462,0.7993132392216711,0.19519122147269552,4.897250234533881,0.0006867607783289653,0.8393827286720653,0.5455317525498142,affine_blend,3.2020300630186402,0.8,1.0189512159734329,-0.3460382489494536
Local,24,solar_station_site_8,solar,6.731377483237818,2.5944898310145326,1.365164674964729,0.8140844224295082,0.1938626798200783,126.09348105913303,36.401948667783095,0.11483854164705827,0.06042556748805066,0.9060129775059836,0.7971461627458543,0.13178135319567227,2.9772703125602997,0.0028538372541457857,0.45756603889627384,0.4376230951024179,affine_blend,2.1155391720508363,0.6000000000000001,0.9451663941950346,0.030690690150994356
FedAvg,24,wind_farm_site_1,wind,680.0400952513801,26.07757840082894,23.503036646504857,-0.09360850551992717,8.836640919420791,115.28887590086774,112.97601254441543,0.32077283138035534,0.2891041298104568,0.2904502178624256,0.7325448302174743,0.8027323011179731,65.25900097960653,0.06745516978252575,2.159769151912224,5.423266969169492,affine,24.084160899631108,,0.4013527618064783,22.14241794627774
FedAvg,24,wind_farm_site_2,wind,3029.168627852225,55.037883569885075,50.40477682975364,0.05214848075741518,3.792556027716046,92.88463379481668,72.29942540202026,0.30667401980299613,0.28085810218384716,0.25514343552131685,0.6314383822968332,0.6421534790963519,115.24539456979576,0.1685616177031668,7.277435726154291,8.984031780409609,affine,44.47200619941026,,1.2710177170709471,18.845580326152938
FedAvg,24,wind_farm_site_3,wind,390.68507644016717,19.765755144698296,14.240977727522495,-0.0042164608226291644,-2.7240495107451412,116.08394486001943,94.42363982033261,0.232161564809104,0.16726948449121273,0.13953837881991282,0.5940480732544831,0.4103789816215494,34.93881717213557,0.205951926745517,1.6773806431401828,4.8874975930569935,affine_blend,16.51749625479764,0.9500000000000001,0.9499996790510296,-7.008570074344707
FedAvg,24,wind_farm_site_4,wind,397.87135930149,19.946712994914474,16.038977386186147,0.08518148463171793,-5.685919555963882,117.9541154738758,84.14871829502452,0.3246063782071168,0.26101314842215473,0.49836253412481535,0.833269744372377,0.7417954706234359,45.5825342532619,0.03326974437237695,1.9133351798856473,3.646791107273007,affine_blend,18.806814232854673,0.9500000000000001,1.156326805716376,-3.4952331388886173
FedAvg,24,wind_farm_site_5,wind,106.98385251695359,10.343299885285816,8.200199343931109,0.06201688823235829,0.25230261525514963,132.26854618632663,114.3269221674544,0.29733090957272734,0.23572484184445017,0.36090691903726446,0.8066383635661907,0.7814612341505228,27.18482214028722,0.00663836356619063,0.765486133754528,2.4313957635958197,affine_blend,10.494185246244252,0.9500000000000001,0.4792772776505046,2.4720666961044984
FedAvg,24,wind_farm_site_6,wind,565.6920794105788,23.78428219246019,21.76947088802562,-2.693040424747546,-21.067397285910214,33.66204957871638,29.92997546206391,0.5231540333689394,0.4788366706727289,0.6680013422927573,0.4264705882352941,0.7990678573220593,36.328221130371105,0.37352941176470594,3.4394916511984435,3.6208874534158144,raw,13.104667849123999,,,
FedAvg,24,solar_station_site_1,solar,28.54390925902211,5.34265002213528,2.92764505279531,0.8441467779911003,0.9866156112055512,131.30513032422513,32.82784158171489,0.12481011918773298,0.0683929747344224,0.9220766041512197,0.8576879053796261,0.22035852814464438,9.43271669742459,0.05768790537962609,0.9578468852724331,0.8995835243369116,affine,5.607184456292318,,1.140403029410956,0.2206452067389221
FedAvg,24,solar_station_site_2,solar,107.41922916826378,10.364324829349174,5.583228158061294,0.8485332221375361,1.5958182818518032,79.99046671071267,31.956833318154427,0.11189678019750704,0.060278432438357635,0.9243281111041077,0.8256390690576116,0.19091851731358228,17.68363241447206,0.025639069057611596,1.6026737565539324,1.928023017001668,affine_blend,11.558424793585008,0.7000000000000001,1.1592598448307527,-0.5999783425395081
FedAvg,24,solar_station_site_3,solar,14.669302298024123,3.830052518964214,2.2971450417150563,0.7527484917351188,-0.4402711513836351,97.65878258367835,40.11524661493956,0.14691224017654772,0.08811334111420348,0.8701121506419859,0.37898936170212766,0.19639376720031726,5.120052909618102,0.4210106382978724,0.5817068013103005,0.8110797463888575,affine_blend,3.3450208925321117,0.8,1.0948230259640812,-0.033395012158357454
FedAvg,24,solar_station_site_4,solar,219.3762506138037,14.811355461732855,7.974299059692718,0.6094505600521775,1.8515511891592198,96.86468605941825,62.14617471479532,0.15675562061094186,0.0843958003215147,0.794710155928563,0.23464326592903473,0.22454473440252262,21.216539893970527,0.5653567340709653,2.536483896282848,2.684782163841708,affine_blend,13.865887831260544,0.8,0.9433895575008298,-0.5181923684597617
FedAvg,24,solar_station_site_5,solar,162.00767097148548,12.72822340201041,6.715241806407564,0.6148855270778824,2.613724884295051,112.32983083813895,58.91475028169917,0.1564166241337066,0.08252333577315268,0.8140511522725091,0.2552460892789012,0.210487119781777,17.12814797446361,0.5447539107210988,2.3828157909113026,2.1099177547886754,affine_blend,11.585754944426732,0.8500000000000001,0.9846073981286421,-0.19427747395302983
FedAvg,24,solar_station_site_6,solar,12.454774046218816,3.529132194494677,1.934777613687369,0.8368769478974146,-0.396322803979518,127.40045540184164,33.67967043892742,0.1272070875315692,0.0697387946085965,0.9172672781074894,0.803510110644792,0.20158797133763717,5.592696236315987,0.0035101106447920083,0.5254441148103876,0.5990950476324709,affine_blend,3.742363112292547,0.8,0.9627283350792806,-0.3483961792977937
FedAvg,24,solar_station_site_7,solar,11.673124166603854,3.4165954057517336,1.931105226484917,0.7783677885438411,-0.286204057513253,137.88932869483193,43.75473846072955,0.13617630273903186,0.076968659941424,0.8842523386049499,0.7558183899275086,0.1950886099814116,4.894675763479473,0.04418161007249144,0.5086326287346495,0.6597053496918642,affine_blend,3.246055621255913,0.7000000000000001,0.9048127899123004,-0.3479850805141965
FedAvg,24,solar_station_site_8,solar,6.948644116155474,2.6360280947204404,1.3606934256117829,0.8080836816232961,0.11842162528732217,127.15472881406096,36.282723352030615,0.1166771280117125,0.06022765892471977,0.9009674009993536,0.798688777477825,0.14834999079681613,3.3515972689409232,0.0013112225221750817,0.432054468254398,0.460699777688433,affine_blend,2.2579647097584203,0.55,0.9810943754531488,-0.21125686352313255
FedPer,24,wind_farm_site_1,wind,654.6606238366328,25.586336663083145,22.91009987789203,-0.05279443294012198,7.882330815869667,114.91536730305316,110.12584331665272,0.314730207303577,0.2818105842528904,0.30410108836662875,0.8130484547882487,0.7930047479215139,64.46818889606037,0.013048454788248676,2.1146291333868,5.3812132695223065,affine,24.084391267546437,,0.9025643432372553,17.52747839763382
FedPer,24,wind_farm_site_2,wind,3647.8982673542605,60.39783330016285,49.67013378033106,-0.14145705952518117,-15.021556576020785,104.09702891667092,71.24567070475736,0.33653994529119347,0.2767646319689055,0.2147285580257,0.6970621900038153,0.666055425615831,119.53500655087515,0.10293780999618474,9.253040747195374,10.536894619998247,affine_blend,52.23804818019502,0.5,1.75,-19.736289392824368
FedPer,24,wind_farm_site_3,wind,375.9553795649241,19.389568833909745,14.679969077682868,0.0336447346953217,-0.5760198761271987,114.63493853715083,97.33433611695523,0.22774301353529344,0.17242572153071845,0.18861741941918775,0.5795497901564288,0.42988117246127283,36.599193338363214,0.22045020984357122,1.8506326511684354,4.67148957879187,affine_blend,16.674151664285365,0.9,1.4116100792752524,-8.990457980099876
FedPer,24,wind_farm_site_4,wind,388.4739830383447,19.7097433529294,15.610972663528873,0.1067887041523704,-5.753216612481022,116.46580714795154,81.90318555508522,0.32075001063169606,0.2540479375168421,0.5037472062116228,0.8084700495993895,0.7597194350490025,46.683942599279405,0.008470049599389462,1.979334327056986,3.6005026245943252,blend,18.85917530736615,0.8500000000000001,,
FedPer,24,wind_farm_site_5,wind,109.6803092144536,10.472836731967782,8.586958472023069,0.0383756490699626,0.9780585969007347,132.54417931821868,119.71910580597122,0.3010546059630759,0.2468427098958955,0.2579860379131149,0.6360478579698958,0.7950740656941073,27.65837397902981,0.16395214203010422,0.9118445695928151,2.4384268641237536,affine_blend,10.470555966267009,0.9500000000000001,1.0633362168262013,1.7068053225759858
FedPer,24,wind_farm_site_6,wind,482.0092384543705,21.95470879912486,19.4193512692171,-2.14672887866579,-16.765707941616284,29.651802036747,26.698889925550283,0.48291112453012236,0.42714393731502825,-0.17301464882748033,0.8676470588235294,0.9723279309355877,44.20518703460692,0.0676470588235294,3.0386182229659138,1.7467076346453498,blend,18.362298882574432,0.5,,
FedPer,24,solar_station_site_1,solar,28.26549260475296,5.316530128265329,2.9400683989741543,0.8456669668424248,0.2471069964120715,131.87003809632577,32.96714523120768,0.12419993003935664,0.06868319762210319,0.9200642248213093,0.8420450209843571,0.20595093618546212,8.815982076861815,0.04204502098435703,0.9255875907324357,0.8511549948203476,affine,5.545499290049262,,1.291169461786891,0.8243560336438712
FedPer,24,solar_station_site_2,solar,110.37108038898202,10.505764150645208,5.728390717922087,0.8443709562509395,1.9998793748645496,95.34922504925713,32.78770313005887,0.11342380727422793,0.0618456568664896,0.9232723827582849,0.8126669210225105,0.18819443400598057,17.431316984015904,0.012666921022510436,1.674260760908526,1.8989225068578908,affine_blend,11.294173018094627,0.75,1.4668442225157048,-1.842979901755857
FedPer,24,solar_station_site_3,solar,19.900180961991264,4.460961887529557,2.352430971422384,0.6645818827893977,-0.5228472501080991,110.0221598512226,41.08070968508591,0.17111251111940465,0.09023398560754405,0.8184184700006382,0.3896276595744681,0.22949773918990496,5.983084820057115,0.41037234042553195,0.685229579756699,0.9808599257553801,blend,3.9954526295691672,0.2,,
FedPer,24,solar_station_site_4,solar,212.22964429031023,14.568103661434806,7.883093111879077,0.6221734646025041,0.7036601894559165,100.98314147706824,61.43537860275769,0.15418117109354515,0.08343052438914816,0.7964069678078579,0.24265547500953835,0.21634610895879472,20.441877044425564,0.5573445249904617,2.291274030532844,2.7138356685148857,affine_blend,13.876882291860708,0.75,1.4190994551278773,0.21525754493381566
FedPer,24,solar_station_site_5,solar,151.36247163778327,12.302945648818548,5.91339243039994,0.6401906271757114,-0.4623633487430905,42.16442280843676,51.87989478238578,0.15119040297365596,0.07266944112521452,0.8015317434881241,0.27355971003433804,0.22794286779945497,18.548589450225695,0.526440289965662,1.911902440644595,2.5481128994761697,affine_blend,12.087285850503072,0.6000000000000001,1.75,-8.719392171640296
FedPer,24,solar_station_site_6,solar,12.427561589158806,3.5252746827954846,1.9781829256504218,0.8372333557322229,-0.5486825342814896,127.90950674815673,34.435249060404416,0.12706804404967906,0.07130333314496316,0.9192923594550652,0.8012209080503625,0.19902395835591677,5.521562300805939,0.001220908050362457,0.49854112505718445,0.616666063860634,affine_blend,3.7429538297415315,0.8,1.4641872749603646,0.9674211683895323
FedPer,24,solar_station_site_7,solar,12.008423932666222,3.4653172917737596,1.965211832147162,0.772001606912214,-0.19606004112270695,138.04790422013292,44.52752162659108,0.13811822606123228,0.07832805750141715,0.8793487918584701,0.7661198016024419,0.19632674514763873,4.925739956261517,0.03388019839755818,0.5430660141069251,0.6393835947122537,affine_blend,3.2431353657254403,0.75,1.4817332170592166,1.2908770141059933
FedPer,24,solar_station_site_8,solar,6.9355573645459625,2.6335446387988113,1.3275584318569875,0.8084451278488365,0.21308050037857101,84.17254870274486,35.399182806418025,0.11656720410571934,0.05876102208737394,0.9016252429104447,0.798688777477825,0.1466241710857172,3.3126066859328946,0.0013112225221750817,0.44725496961086025,0.4590061871164915,affine_blend,2.229883634527146,0.55,1.4021778630814508,-1.1916568869175417
FL+MoE,24,wind_farm_site_1,wind,589.004156713016,24.26940783606011,20.744977998737188,0.05279121030380285,3.380084202833854,114.01536410938134,99.71838660122604,0.2985310425622235,0.2551780394366134,0.2793649635365336,0.866081648225868,0.74080910968127,60.22488735916274,0.06608164822586793,2.0617978214989727,5.313110111041863,affine,23.950825613981674,,0.8190133120075743,7.680419291076339
FL+MoE,24,wind_farm_site_2,wind,3009.2612521405117,54.85673388145262,49.4659237906067,0.0583776606515235,-6.80292117190716,97.25245012896904,70.95275670241408,0.30566464408695676,0.27562676302535905,0.2702988131340643,0.6489889355207936,0.5932080392650874,106.46130056522226,0.15101106447920642,6.897186806706937,11.122869495541678,affine,43.39281564430894,,0.9080972345619787,1.480976431205267
FL+MoE,24,wind_farm_site_3,wind,391.1504604502949,19.77752412336526,15.07938389108541,-0.005412683334715451,0.027658929598586294,115.9171970827314,99.9826234186578,0.23229979906747283,0.1771171065756426,0.16448587848725407,0.5307134681419305,0.4063779373148546,34.598176540452,0.2692865318580695,2.359839016565075,4.709432704044688,affine_blend,16.085822332126572,0.9500000000000001,0.9485272245026665,-0.930584971969404
FL+MoE,24,wind_farm_site_4,wind,320.3025211438106,17.896997545504963,13.873215615872398,0.2635341297852467,-3.247129251055162,109.79496391348277,72.78601899592655,0.29124996963204836,0.22576823942385418,0.5381867220384425,0.8176268599771079,0.6944729168694733,42.67461419595968,0.01762685997710789,2.092498694819635,3.3904525514343886,affine,18.070617184228034,,1.1531973398675157,-1.6450220826815785
FL+MoE,24,wind_farm_site_5,wind,110.34569523893688,10.50455592773616,7.87406840107588,0.032541863511785674,-0.5907782384977186,131.05207156404154,109.78001478674504,0.3019664133585227,0.22634980573852595,0.19109723047176919,0.7495175607873408,0.7361666378241424,25.60915147200736,0.05048243921265927,0.8617213324956915,2.4463594869348038,affine_blend,10.338757763214097,0.9500000000000001,1.38333653500143,-1.5753605144825111
FL+MoE,24,wind_farm_site_6,wind,266.415854266525,16.322250281947188,14.915273890775794,-0.7392580794574377,-13.14094072229722,21.83125781200368,20.506413952689755,0.3590207599943852,0.32807320530511536,0.8145718994390853,0.4264705882352941,0.8053248394560188,36.61268386840819,0.37352941176470594,3.4933215960334327,3.052392160752242,raw,14.076246770130284,,,
FL+MoE,24,solar_station_site_1,solar,26.21797672764129,5.120349277895141,2.449595124859391,0.8568466529767398,0.5419854748663895,128.5694517554002,27.467442004776228,0.11961693186137229,0.057225208132423835,0.9274680347640503,0.850438763830599,0.18810105337674943,8.051895980287892,0.050438763830598976,0.9148655046189819,0.7713779350050375,affine,5.196096187412179,,0.99012862280156,0.0486918034141206
FL+MoE,24,solar_station_site_2,solar,103.96114928699454,10.196134036339192,5.157492207641707,0.853409297131394,0.848300036343528,74.19249662243053,29.52004004731861,0.11008093512254483,0.055682042142737316,0.9255829397721056,0.8267836703548264,0.17740810206077215,16.43224401873485,0.026783670354826317,1.5892594100291393,1.8320883341207126,affine_blend,10.89358702848459,0.9,1.0694715496254166,0.1252524660501736
FL+MoE,24,solar_station_site_3,solar,13.74677291023953,3.7076640773187,2.321809948458633,0.7682977508555844,-0.17000191044772722,102.15286251674468,40.54597205838581,0.14221769354962008,0.08905943171883687,0.8769000969611468,0.3829787234042553,0.2057099825077516,5.362929839835574,0.4170212765957447,0.5909896911636954,0.7205820602474448,affine_blend,3.3289974391392407,0.8500000000000001,1.0230135777103067,-0.09711684086357822
FL+MoE,24,solar_station_site_4,solar,214.44390247105622,14.643903252584545,7.722228977819125,0.6182314823233347,0.406262633244941,88.27457191284074,60.18171473765813,0.15498339422453622,0.08172802273534885,0.7903723747230588,0.24494467760396796,0.22245762270359645,21.01933514213671,0.5550553223960321,2.1296762397160487,2.8893400997915926,affine_blend,13.76492468174533,0.8500000000000001,0.8731159865849397,-0.17176316449110982
FL+MoE,24,solar_station_site_5,solar,147.51582659117298,12.1456093544611,6.282627692010541,0.6493346304859283,0.7541471514461342,72.88556259437635,55.11930206809657,0.1492569035967349,0.07720695836608366,0.8107570852555366,0.2617321632964517,0.20380106541763343,16.584077968502733,0.5382678367035483,1.8881984888720844,2.2871520026636962,affine_blend,11.521815578054536,0.8500000000000001,0.8988292186439327,-0.25604827653504747
FL+MoE,24,solar_station_site_6,solar,11.301534097228792,3.361775438251162,1.6641199577265582,0.8519811978491023,0.10850873478338167,125.13990576009017,28.9681932179564,0.12117473612980582,0.059982976397364544,0.9231410872012956,0.8515833651278139,0.1959831384233153,5.437200212733278,0.05158336512781381,0.5513992073071411,0.5556799800470552,affine_blend,3.6428363958219654,0.8500000000000001,0.9548141335510117,-0.09070364994839077
FL+MoE,24,solar_station_site_7,solar,14.624919516311932,3.8242541124135476,1.9450762287884147,0.7223234150081365,0.7408746750428007,135.62112544159007,44.07129166738029,0.15242448224519353,0.0775255065133201,0.8636496413444315,0.8065623807706982,0.19290334724174768,4.83984861303903,0.006562380770698151,0.7806419324280098,0.5407618972409504,blend,3.1796221885758706,0.8,,
FL+MoE,24,solar_station_site_8,solar,6.857174571075185,2.618620738303885,1.31698618390392,0.8106100015847095,0.24461266928448483,124.41508397548833,35.11727511106942,0.11590663533106627,0.05829306822517413,0.9046431942385035,0.7929039722329349,0.13426791653623354,3.033447996539318,0.007096027767065194,0.45717408548084104,0.43422284102856185,affine_blend,2.1191113097635155,0.7000000000000001,0.9847603846693802,-0.13298210451810408
Persistence,1,wind_farm_site_1,wind,74.69554226080636,8.642658286708226,4.903489122473885,0.8798234491702734,-0.0002623663579181927,42.6066065567636,23.59551496450047,0.10631086700873127,0.06031641685750711,0.9399120668897526,0.879954268292683,0.2274641882364781,18.49195013365754,0.07995426829268293,1.133043947264484,1.7440547871330703,none,11.038690320802557,,,
Persistence,1,wind_farm_site_2,wind,337.20076051352623,18.363026997571133,10.571620712506624,0.8944030826259258,0.030223534855261875,43.14600894299124,15.156974723201861,0.1023197648569727,0.05890563389161568,0.947186683294828,0.8216463414634146,0.19674993841922062,35.31013227026977,0.021646341463414598,2.9995499794364995,3.604706290104794,none,19.16660941040446,,,
Persistence,1,wind_farm_site_3,wind,33.550625936738406,5.792290215168643,3.4962332493974917,0.9137213445222023,-0.02311036679646172,52.18832929868471,23.20764786895903,0.0680341909700683,0.041065518426977844,0.9568223036487878,0.6070884146341463,0.12527507799845924,10.665660870637904,0.19291158536585373,0.8876014979283505,1.1065808974869935,none,6.855885636383892,,,
Persistence,1,wind_farm_site_4,wind,16.122208213445,4.015246967926755,2.3376419081610593,0.9629176168612307,0.0003093289422217711,42.19709325088139,12.277236977785472,0.06534283499231748,0.038042030962534966,0.981458575198623,0.8090701219512195,0.11261499986171628,6.920070682439656,0.009070121951219479,0.6182939634433752,0.7266505754685451,none,4.4381776155632195,,,
Persistence,1,wind_farm_site_5,wind,5.414596982306364,2.3269286586198477,1.2892180532693076,0.9524972239081085,-0.0012171070849696717,55.62854693369488,17.995049225198457,0.06689043363835209,0.03706016268187816,0.9762500365420775,0.8272937548188126,0.1091096457649218,3.7956154243958506,0.027293754818812577,0.3272872732492287,0.44775221365379025,none,2.8903611540262295,,,
Persistence,1,wind_farm_site_6,wind,20.504512155743214,4.528190825897603,3.038902441660563,0.8589718696768976,0.16399982240464953,4.683646508708407,4.169007043747838,0.09960112629270493,0.06684305443842344,0.9293873683464224,0.9166666666666666,0.29628883165667025,13.470252990722656,0.11666666666666659,0.7708404064178468,0.9931639406416148,none,5.116280948509377,,,
Persistence,1,solar_station_site_1,solar,31.882765529431442,5.646482580282298,3.101340644680288,0.8258425831088452,0.01317643962714256,43.98965625050798,34.74451220716502,0.1319079784220699,0.07245069280237167,0.9129742625753605,0.7907774390243902,0.20775589371672598,8.893245494741059,0.009222560975609806,0.7189888644223961,1.1631964214012278,none,4.9609724243109214,,,
Persistence,1,solar_station_site_2,solar,136.86832689009006,11.69907376205869,6.130476722260937,0.807237032165348,0.016272594680918788,37.045631358630246,35.00520503673731,0.12630718419404335,0.06618671429076017,0.9036277315291241,0.8155487804878049,0.20930214000569267,19.386396665462293,0.015548780487804836,1.4778435126972589,2.446320161782546,none,11.16472926889652,,,
Persistence,1,solar_station_site_3,solar,9.014706992561596,3.0024501648756132,1.8531883924512105,0.8486125190903427,0.012398492653297368,52.747175023461466,32.067706905056035,0.1151672666513748,0.07108415794721545,0.9242900920033233,0.4166666666666667,0.21781736104021657,5.678573353205151,0.38333333333333336,0.39942831611425234,0.5666648622884084,none,2.946342094556476,,,
Persistence,1,solar_station_site_4,solar,90.00393065366502,9.487040141881188,4.737283106881833,0.8396151074483594,0.014875394435676287,44.04182924306371,36.926459943584014,0.100405858805006,0.050136920644946334,0.9198220007198796,0.3125,0.18787417122009903,17.751651399637986,0.48750000000000004,1.1953321893513227,1.9925846482995473,none,10.300554007416599,,,
Persistence,1,solar_station_site_5,solar,67.91476711708755,8.241041628161305,4.188636156424586,0.8384017443017817,0.011768297450766024,44.73179406108409,36.75885873940168,0.10127382825624623,0.0514739808235008,0.9192102152413996,0.3151676829268293,0.19295440233981115,15.701443200072712,0.48483231707317076,1.0386304876521564,1.7189065084617234,none,9.205013197300964,,,
Persistence,1,solar_station_site_6,solar,11.885688572616152,3.4475627003168703,1.9322153461725087,0.8441818168458803,0.004079145913171332,42.580668333518815,33.64154789278111,0.12426692626417078,0.06964643802627563,0.9220893772663331,0.7797256097560976,0.18844437810811124,5.228050846520779,0.02027439024390243,0.4673829803976731,0.6971943983576748,none,3.0550966446049674,,,
Persistence,1,solar_station_site_7,solar,9.370204748400413,3.0610790170135127,1.5826862585450816,0.8219044410398965,0.0027419677404928156,36.056115814589106,35.87276803873703,0.12200637577021324,0.06308161707462114,0.9109485064839407,0.8041158536585366,0.18644430248366595,4.677794406821537,0.004115853658536506,0.40380752269446246,0.6221510820622836,none,2.9809154346510547,,,
Persistence,1,solar_station_site_8,solar,4.55700695474528,2.1347147244410154,1.178711481207267,0.8740498217870235,-1.7205789937811382e-09,43.63155699486202,31.46656063209247,0.09448775742221628,0.052172687634530285,0.9370249108748463,0.8297380585516179,0.17077034184916556,3.858129065485961,0.02973805855161782,0.2678030763005835,0.42213058738146997,none,2.1739186369693098,,,
Centralized,1,wind_farm_site_1,wind,67.93825103821263,8.24246632011394,5.069036925403208,0.8906951548638729,0.17411330015506457,62.81584871492718,24.392128470474418,0.10138822011848009,0.0623527730198089,0.9437923719571961,0.8807164634146342,0.23502270353891544,19.10642790767904,0.08071646341463412,1.0655206297350048,1.7699738852109974,blend,10.641475454352783,0.65,,
Centralized,1,wind_farm_site_2,wind,278.031437608485,16.674274725111285,10.956576243066973,0.9129323946368723,-0.21832993759445593,62.04972619367918,15.708901566297664,0.09290994721401954,0.06105062661925999,0.9554842482611324,0.823170731707317,0.18307967233566685,32.85676985776641,0.023170731707316983,2.6397341198549973,3.2046216811569046,affine_blend,17.040356407088826,0.9,1.0183613967829501,-0.5795588294160469
Centralized,1,wind_farm_site_3,wind,31.254852606977206,5.5906039572641175,3.5252549696324476,0.9196251460353861,-0.1712871624103786,69.15218324704158,23.400291155524755,0.06566525556169021,0.041406397282041804,0.9590187880518927,0.604420731707317,0.12490009162578469,10.633735306942732,0.19557926829268302,0.8388725412282204,1.0983632998916466,affine_blend,6.736429226737806,0.4,0.9983111076080384,-1.283332443035804
Centralized,1,wind_farm_site_4,wind,14.305162560826757,3.782216620029418,2.3467521505981725,0.9670969688568731,-0.1967905429563675,68.62557876583463,12.32508374376577,0.06155057421919738,0.03819028811161281,0.9834739438343882,0.8205030487804879,0.11179573027151098,6.869727446821349,0.02050304878048781,0.5598735909042786,0.6911800212557156,affine_blend,4.264352070962031,0.65,1.0358141047650713,-0.8198257459352358
Centralized,1,wind_farm_site_5,wind,5.233945173314373,2.287781714524874,1.3571525967573217,0.9540820994697032,0.022294906014048134,91.25320101821421,18.943287152101604,0.06576510645806706,0.03901302490483604,0.976792921293248,0.8218966846569006,0.11376477427494573,3.957554155397324,0.021896684656900534,0.3172170021602536,0.45924504626624424,blend,2.8417250314065807,0.30000000000000004,,
Centralized,1,wind_farm_site_6,wind,19.430037413848993,4.407951612013112,3.0462906497790865,0.8663620071636018,-0.30452038675485266,4.626765879568054,4.17914277277439,0.09695637001190688,0.06700556389930597,0.9327762892545179,0.875,0.28021352017021,12.739417098540912,0.07499999999999996,0.779472636624914,0.9308626331741012,affine_blend,5.029062996132648,0.35000000000000003,0.9678043611065622,3.3581221426046537
Centralized,1,solar_station_site_1,solar,7.448554326344907,2.7292039730194055,1.3629782288920187,0.9593127835835891,0.2073288979357023,125.13662573292746,15.269529902517611,0.0637571751376009,0.0318406548236355,0.9795678560120119,0.8163109756097561,0.08702989928072939,3.725421434933778,0.01631097560975603,0.43371440394414995,0.47107437272397384,affine_blend,2.845070135459776,0.9,1.0073462206359265,0.01570156596741076
Centralized,1,solar_station_site_2,solar,32.84745200041149,5.7312696673958285,2.85352180315075,0.9537382206879008,0.5228268437816631,77.51333278984913,16.293694654019227,0.061876738985370196,0.0308075930900753,0.9770337659728601,0.8185975609756098,0.0872155960689732,8.078255390804228,0.018597560975609717,0.893361723122502,1.0212725085175838,affine_blend,6.20545205654059,0.9500000000000001,1.0323842629824798,-0.025771899241961334
Centralized,1,solar_station_site_3,solar,4.243914887153148,2.0600764275029086,1.1722484120164174,0.9287302865760095,-0.278392206014635,85.23604114692432,20.284671892822427,0.07901991980548596,0.044964824738044716,0.9647868668057379,0.37962962962962965,0.11202934698478675,2.920643522291713,0.4203703703703704,0.30153948110537615,0.393458844938255,affine_blend,2.0085548325008444,0.9,0.9859950546903392,-0.0771901024853983
Centralized,1,solar_station_site_4,solar,29.491955131035226,5.430649604884781,2.933035736407598,0.947446027962599,0.19938539129430788,85.4610167530773,22.862603773082295,0.057475148127643684,0.03104171244303208,0.9734236082638633,0.2892530487804878,0.08099136687290362,7.652624635792208,0.5107469512195122,0.8368973928303355,0.9559244543823296,affine,6.1108770437250515,,1.007033611508861,-0.7836856891865116
Centralized,1,solar_station_site_5,solar,22.866844164520085,4.781928916715522,2.4544225967353874,0.9455900051318928,0.26513981914993784,80.62704053017585,21.539653994966404,0.05876493163074534,0.030162300319005762,0.9725005299829342,0.28125,0.07539377115274118,6.135081661983938,0.51875,0.7801244798905108,0.8466843675980567,affine,5.6081295434975456,,0.9988832074786346,-0.370468773376171
Centralized,1,solar_station_site_6,solar,2.8920100582714543,1.70059109084796,0.9129291433817068,0.962086525303926,-0.17086311070820745,119.73879093093176,15.894889542528928,0.06129757340525984,0.0329064061792408,0.9812447910467643,0.8338414634146342,0.07998702328734857,2.219096313757849,0.03384146341463412,0.22041587947012733,0.3069320908445533,affine_blend,1.8519559037375128,0.9500000000000001,1.0126559691624175,-0.26712138554757203
Centralized,1,solar_station_site_7,solar,3.461363086413568,1.8604738875925046,0.9738031205444665,0.9342113208631937,-0.20672983650271556,132.44201459321866,22.071976217701444,0.07415348476098439,0.03881317299913071,0.9669949619597984,0.8258384146341463,0.09419941732438536,2.3634163212064996,0.025838414634146267,0.23741405502257829,0.3409512251806429,affine,1.9821968017539129,,0.9940722997030371,-0.1871012120167543
Centralized,1,solar_station_site_8,solar,0.7074759667348577,0.841115905648477,0.514041043166526,0.9804462172262289,-0.11416315537951174,117.65153393203092,13.722699668299313,0.03722987186388194,0.02275272889425548,0.9904192110904365,0.8143297380585516,0.05090147065521481,1.1499915107292067,0.014329738058551533,0.10346792307730414,0.16346705103870304,affine,0.8288653303602228,,1.0195825887036123,-0.18534737103468224
Persistence,6,wind_farm_site_1,wind,383.29239181734187,19.577854627546447,12.603115774091764,0.3834294684492191,-0.0179685928009868,89.18189789019223,60.62521519252672,0.24082158874964554,0.15502732151468962,0.691744711107215,0.8844834159359513,0.5461289641207072,44.39815185574168,0.08448341593595121,1.9802900140817459,4.2118118720644535,none,25.144463248445277,,,
Persistence,6,wind_farm_site_2,wind,2796.3475593154626,52.88050263864237,35.315249205645586,0.12463028119593911,0.12197495946640044,87.08481428087437,50.63512923030119,0.2946529783036361,0.19677845025577737,0.5618304252232641,0.7926038886770873,0.6209448319164362,111.43914109285365,0.007396111322912735,7.6777015871940515,10.186789604881502,none,50.71553659086654,,,
Persistence,6,wind_farm_site_3,wind,278.50514558084785,16.6884734347048,11.15166508539162,0.2839075954836022,-0.11888479231301982,108.94159326541195,73.99590843457689,0.1960169028965965,0.13098351150757853,0.640676593968205,0.5764391917651545,0.3131362718659099,26.659774117711937,0.2235608082348456,2.1935826887025196,3.264189199320466,none,16.679208431946265,,,
Persistence,6,wind_farm_site_4,wind,156.3548187876079,12.504192048573467,7.895167648900427,0.640437203652614,-0.002887147364429945,86.97030270355637,41.45275806033057,0.20348919114284697,0.1284834136080953,0.8202379212565173,0.806709874189859,0.34964546002459734,21.48533765604418,0.006709874189858911,1.802890255527571,2.276365512696265,none,13.361918447330341,,,
Persistence,6,wind_farm_site_5,wind,50.043439828841464,7.074138804748,4.109165689216794,0.561057150465964,-0.005099887677353067,109.7695115615411,57.33408141132852,0.20335484309525334,0.11812303476745911,0.7805853449463078,0.8091014269186271,0.28718679365668687,9.990414834950869,0.009101426918627031,0.9614050421230405,1.362441108805295,none,7.7960320167077075,,,
Persistence,6,wind_farm_site_6,wind,161.2491053247951,12.698389871349638,9.405031607184611,-0.09772933448927756,0.7527498594472106,14.24744946716833,12.918021608340927,0.27931109397086634,0.20687108315678987,0.435675656044223,0.8591549295774648,0.8589630336439636,39.05125045776367,0.05915492957746471,2.5320416947485693,2.3750517348168594,none,13.792665973858728,,,
Persistence,6,solar_station_site_1,solar,429.9164702374989,20.734427174086555,14.544842416781764,-1.348910554282829,0.07519020494849436,126.22111917301999,163.0652845641279,0.48437878509077936,0.33978334872846366,-0.17066716340244747,0.7529546321006481,0.853067862881485,36.51661472777931,0.047045367899351986,1.7747483941288897,3.7695233113437085,none,19.484702364438903,,,
Persistence,6,solar_station_site_2,solar,1663.2421322359455,40.78286566973863,28.214142342406603,-1.3438304614379342,0.11064244521582259,118.57508980415257,161.25175468416663,0.4403057054665626,0.3046094884260489,-0.17022816286761092,0.8173846740373618,0.8363334321936321,77.46452884166537,0.01738467403736177,2.9927850468413006,7.556493575033729,none,43.17060421098103,,,
Persistence,6,solar_station_site_3,solar,128.4643786574444,11.33421274978745,8.288114850718948,-1.1576183520078076,0.088925843054293,144.7919906708244,143.6828057117334,0.43475502684730194,0.31791353082775076,-0.07830878318071777,0.4503311258278146,0.8631544954041077,22.502733913831698,0.34966887417218545,0.8826185880084985,2.0446536892504485,none,11.669272708711187,,,
Persistence,6,solar_station_site_4,solar,1238.8163767002038,35.19682338933734,21.554747740077215,-1.2068704077181884,0.13958951333364872,126.82646742086786,168.0680118757835,0.37250472505261123,0.22812414892328797,-0.09750674120944093,0.34693099504384295,0.7610430138721154,71.90860880264714,0.4530690049561571,2.5792622312985802,7.3752684461085005,none,40.52454444769542,,,
Persistence,6,solar_station_site_5,solar,933.3406969574343,30.550625148389916,19.035563850808202,-1.2200886967251159,0.10783835900081105,126.4399915780454,167.09462694356156,0.3754354005234297,0.23392727657143017,-0.10551635930107298,0.3587495234464354,0.7752721800074786,63.08688452490627,0.44125047655356464,2.115191060688426,6.309856935812463,none,35.0850535540293,,,
Persistence,6,solar_station_site_6,solar,176.15387833116287,13.272297402151704,9.235245506193602,-1.3085841646151422,0.017566817762558123,126.9891726214713,160.83006080633163,0.4783981455878209,0.3328831618477001,-0.1546784464927741,0.733511246664125,0.7787153780896949,21.60405968325007,0.066488753335875,1.2899324269163743,2.5089964271297056,none,11.38716480874937,,,
Persistence,6,solar_station_site_7,solar,111.91616848807308,10.579043836192053,6.890865520327208,-1.126335033392095,0.02281583017135963,107.63555292038384,156.18185757128913,0.4216522312538227,0.2746513642353768,-0.062279958395155884,0.7842165459397636,0.7185265610320518,18.02747246000133,0.0157834540602364,0.9047500837272089,2.0722168065397595,none,10.0806827188379,,,
Persistence,6,solar_station_site_8,solar,80.56050112859313,8.97555018528631,6.003862230188298,-1.2260701115366075,0.0010664722952194985,129.36933787226167,160.21573053408974,0.397280066946807,0.2657458027095335,-0.11311753571041615,0.8215799614643545,0.7628839661575701,17.235456529245752,0.02157996146435448,0.748342589615584,1.7500366069855946,none,9.65880004175247,,,
Centralized,6,wind_farm_site_1,wind,309.55880918885174,17.594283423568342,13.933136105336107,0.502038538717581,2.988193392233737,100.54765742394356,67.02305920486855,0.2164222468489278,0.17138752110412406,0.7269747492336412,0.8856271444910407,0.5817430921102297,47.29344136896947,0.0856271444910407,1.7778688711651367,4.11170092891556,affine_blend,21.463628776202793,0.8500000000000001,0.8210790447578906,7.781175917252552
Centralized,6,wind_farm_site_2,wind,1877.6545465050697,43.331911410703654,35.66537632227636,0.41221829635953133,0.4365936805975556,84.39459053253498,51.13714272861731,0.2414477192095189,0.19872937720526393,0.6466693367666158,0.7731605032405643,0.5324917512375194,95.56472708500519,0.026839496759435755,6.383289906255746,8.04892193883416,affine,38.67451383658422,,0.9588279298940016,8.473106659764882
Centralized,6,wind_farm_site_3,wind,216.29598404162616,14.707004591065651,10.496922056154734,0.44385978587011166,-0.34313213530360775,104.18083060088988,69.65141773577926,0.17274327110301738,0.12329313160037521,0.666459550250486,0.590545177277926,0.32389144742349735,27.575447505700666,0.20945482272207405,1.8213624463667981,3.242067679460083,affine_blend,14.404399224325513,0.7000000000000001,0.8106718990336798,1.0805293615386737
Centralized,6,wind_farm_site_4,wind,124.92280628590159,11.17688714651363,7.810452669427606,0.7127201201471279,-0.972806687155394,91.94516922320767,41.00797085575971,0.1818890589734994,0.12710478933683947,0.8456958655163003,0.800991231414411,0.34449288383300064,21.16871738799562,0.0009912314144109313,1.5816329924949215,2.1078165028317732,affine_blend,12.217889644456243,0.8,0.9034641161193313,-0.2537445427712906
Centralized,6,wind_farm_site_5,wind,42.999382910955646,6.557391471534672,4.366270919678732,0.6228422401079188,0.6059872557150657,113.49201957593556,60.92140140021725,0.18850030379854663,0.12551384165471793,0.7926618505421744,0.8094870806016198,0.329108315446335,11.448745797382523,0.009487080601619735,0.8755118663380177,1.3874212104220536,affine_blend,7.358642570827832,0.5,1.0884847908968227,1.5575479870991475
Centralized,6,wind_farm_site_6,wind,133.08332739369942,11.536174729679653,10.25519721276366,0.09401374899262582,-6.747062983367637,15.021743989951153,14.085743113407299,0.2537472558828768,0.2255711457439728,0.6359098344198479,0.704225352112676,0.5932550719922227,26.97130318102801,0.09577464788732404,2.3163499533987633,1.325771346449394,affine_blend,11.76945553444479,0.7000000000000001,0.7401022790203454,14.9454221153939
Centralized,6,solar_station_site_1,solar,23.036331719391224,4.799617872225999,2.4942905298624267,0.8741376838208915,0.15151751363919921,128.20162657702113,27.964015242154872,0.11212429715706577,0.058269341437517885,0.9350259313758658,0.85055280213496,0.17575441642129827,7.523383062964913,0.05055280213495994,0.8083084238235566,0.8051748797203027,affine,5.299829527946122,,0.9756976576817625,0.4333953592464982
Centralized,6,solar_station_site_2,solar,103.16934765042078,10.157231298460264,5.296711105174763,0.8546143973730018,1.1810402136863933,80.93423377231028,30.27219290946871,0.10966092791694347,0.057185096768397274,0.9271519149561516,0.8246282882195959,0.175527552821138,16.258060068644852,0.02462828821959584,1.7207185016306947,1.8443444266123907,affine,10.677445180868412,,1.0161403856936206,0.6476483697072738
Centralized,6,solar_station_site_3,solar,15.15345969439016,3.8927444938488014,2.23443003544857,0.7454906716187026,0.38514237670076756,103.29545987465055,38.73609167372593,0.1493169639827574,0.08570773387574519,0.8660430813636594,0.4119205298013245,0.2213498266585944,5.7706659441530785,0.38807947019867556,0.6681591073751065,0.7487711940468333,affine,3.3024640462969788,,1.039276086494469,-0.11787360353824493
Centralized,6,solar_station_site_4,solar,192.5614674482285,13.876651881784328,7.198296841493671,0.6569643312996616,0.8861976974249731,131.12389664565077,56.12700522549652,0.1468632079860032,0.07618299970218316,0.8125165244705256,0.2371330537552421,0.19475341840360305,18.40165026377371,0.562866946244758,2.144909079792346,2.8041442644387713,affine,12.70225976638027,,0.9477353395767666,0.42523423820800027
Centralized,6,solar_station_site_5,solar,125.24815631867217,11.191432272889479,5.356081488687316,0.702078761769213,0.31206425947004507,95.27836822681466,47.01580921090102,0.13753105991759176,0.06582066943554597,0.839014751125582,0.28631338162409453,0.18239868189518751,14.842483554750805,0.5136866183759055,1.636641910385578,2.234452146392272,affine,10.488994094468755,,0.9560981104246722,0.21086938617074502
Centralized,6,solar_station_site_6,solar,11.796459054632821,3.4345973642674363,2.076125471161142,0.8454015385295182,-0.31727706111765014,127.6566348455574,36.15533399133663,0.12379959249858122,0.0748336588095224,0.9287877792051579,0.8173846740373618,0.21618436750901995,5.997647034668649,0.01738467403736177,0.4605922721758275,0.6860344609898017,affine_blend,3.6824794652662627,0.9500000000000001,0.8976926466483458,0.19496961296034523
Centralized,6,solar_station_site_7,solar,9.867835057830428,3.1413110412422434,1.7436716773295582,0.8125174970635665,0.14481776983405634,136.98302151844786,39.520417392624495,0.12520420844374078,0.06949806284050229,0.9017307533341716,0.7994662600076249,0.18649646867021424,4.679103230381228,0.0005337399923751596,0.47441881417013654,0.5935083863385142,blend,3.035908384521721,0.9500000000000001,,
Centralized,6,solar_station_site_8,solar,6.651637455950656,2.5790768611948454,1.3100165480200192,0.8162001089115155,0.07652444129612776,124.85534210579505,34.9583734945549,0.11415632545357607,0.057984574890125984,0.9042784498629239,0.7710982658959538,0.1232263246167414,2.7839908235165325,0.028901734104046284,0.4402940480393078,0.4781054667984963,affine,1.9940213307202428,,1.0121243165471847,-0.016093833287931555
Persistence,24,wind_farm_site_1,wind,898.2589714558485,29.970968810765,20.71314547766101,-0.44453784152325504,0.05303376404236674,111.2488635698358,99.56537185021695,0.3686643129538366,0.25478647670181376,0.2775371659733952,0.8477680274704311,0.7789506037231387,63.32564186172282,0.047768027470431074,2.8361796172709695,6.047633736958966,none,33.68654730331965,,,
Persistence,24,wind_farm_site_2,wind,5067.581737775461,71.18694920963716,52.39556880110993,-0.5856875727787225,0.2329564725624654,103.10023072263961,75.15497054430233,0.39665747400898343,0.29195090112245725,0.20659379858906338,0.7058374666157955,0.7485617741511993,134.34217804646852,0.09416253338420455,10.104464736764404,13.447774205538478,none,59.29372769532434,,,
Persistence,24,wind_farm_site_3,wind,692.6977848279786,26.319152433693198,18.2266503310279,-0.7805095711306513,-0.14909109440631277,136.72560825061805,120.85031652440708,0.30913545011178056,0.21408378435846503,0.10713409668891981,0.5478824876001526,0.41887106639587257,35.66181569454521,0.2521175123998475,3.4342021648728083,5.259955953235997,none,21.77484037745439,,,
Persistence,24,wind_farm_site_4,wind,473.2521176025141,21.75435858862573,15.021412732136078,-0.0881401475595136,-0.13674080760357848,112.82041116719539,78.81005116189539,0.35402341997265807,0.24445362921580804,0.4563241943734097,0.8512018313620755,0.8026589504915719,49.32252966403244,0.051201831362075456,2.210642480463729,4.383883129503532,none,24.27586064351439,,,
Persistence,24,wind_farm_site_5,wind,144.51446649407737,12.021416991938903,7.372486610009719,-0.26703353626262905,0.00335999288506711,129.1268350181508,102.78697718086374,0.3455704550973158,0.21193121865153863,0.3663823890720066,0.8579698957931301,0.729197063958613,25.36669974484783,0.057969895793130055,1.0349862677952544,2.576337888417805,none,14.128771974222829,,,
Persistence,24,wind_farm_site_6,wind,307.9217860945105,17.547700307861156,14.366966976838953,-1.0102236624779373,2.256569637971766,20.636703853260737,19.75256869093668,0.3859754992024576,0.31601276256276223,-0.18257705230634413,0.9117647058823529,1.2693489080894838,57.7087257385254,0.11176470588235288,3.266354520461139,3.134361843782312,none,22.58769366331732,,,
Persistence,24,solar_station_site_1,solar,39.98347464789682,6.323248741580298,2.5529138681488615,0.7816853573055619,0.03464802759269573,18.880821330905746,28.625960635267372,0.14771797250812627,0.059638846422571806,0.8909766688502022,0.8595955742083174,0.18613373759495225,7.96768261863445,0.0595955742083174,0.8298764754293231,1.2129419024070498,none,7.475722236318735,,,
Persistence,24,solar_station_site_2,solar,126.39590358383444,11.24259327663482,4.686457466949538,0.8217751104798076,-0.023578135999547122,16.533890363534233,26.823969195615028,0.12137886542915052,0.05059659068184064,0.9105196758670171,0.8550171690194582,0.15549889805238606,14.402926403924235,0.05501716901945819,1.5037768361850217,2.0712242589006893,none,13.560488876315837,,,
Persistence,24,solar_station_site_3,solar,22.581646949563403,4.7520150409656114,2.3334627161737522,0.6193856971550276,0.015783736804262437,35.728724455237995,40.74946536949585,0.1822766584959798,0.08950640580099595,0.8093680737663677,0.39228723404255317,0.18177949099086663,4.739053713488626,0.4077127659574469,0.78914309201006,0.9615283822186014,none,4.184424231789009,,,
Persistence,24,solar_station_site_4,solar,298.0826851772501,17.265071247384128,7.3783215896136705,0.46933168276697257,-0.031840324144484775,38.521521172466635,57.501538276612706,0.1827244620026959,0.07808828724928099,0.7334426342847611,0.283479587943533,0.18545770565167133,17.523327015762447,0.516520412056467,2.5640169443291887,3.320287259181092,none,16.820968803137145,,,
Persistence,24,solar_station_site_5,solar,210.2320000044348,14.499379297212512,6.152151806525017,0.5002496771444811,-0.03827788781759161,38.78384353442639,53.974599549145076,0.17818228750965487,0.07560354547066903,0.7489120835418568,0.2987409385730637,0.18387494057781084,14.962612411997624,0.5012590614269363,2.107270805399868,2.8189146667915064,none,13.792830882511234,,,
Persistence,24,solar_station_site_6,solar,15.513711253564749,3.9387448830261587,1.566998087986522,0.7968133408339114,-0.03299538497818376,22.473369680018866,27.277542808257476,0.14197152089718487,0.05648223187877632,0.8980883796324224,0.8611217092712705,0.18131028039012068,5.030128117341218,0.061121709271270475,0.544335950313581,0.7411246546668572,none,4.47805821743985,,,
Persistence,24,solar_station_site_7,solar,12.744930786684078,3.570004311857911,1.4692525539025934,0.7580178918005734,-0.02902412962240232,21.137851037003855,33.29013890443688,0.14229076908924992,0.05856045472739065,0.8783545766000096,0.8542541014879816,0.19664164038166884,4.933640520370253,0.0542541014879816,0.47413319950592164,0.6928613583006508,none,3.814715331188453,,,
Persistence,24,solar_station_site_8,solar,9.464246002419324,3.0764014696426285,1.3567711203195647,0.7386046516941646,0.020008675680800014,22.03579633204472,36.178135562348466,0.13616914357165863,0.06005404798423027,0.8696626050678217,0.7956035480138836,0.12252443726895376,2.7681334331296923,0.00439645198611649,0.45462597947495875,0.5990182985113973,none,2.587869559204708,,,
Centralized,24,wind_farm_site_1,wind,663.3803434032051,25.756170977130996,23.10660537596658,-0.06681707594358643,8.066884411218012,115.1527398581928,111.07041945587338,0.3168192906128208,0.284227742166494,0.29523711137206105,0.8202975963372758,0.8009823113084363,65.1167336427424,0.02029759633727579,2.0842349188719718,5.407197591386547,affine,24.11167089754467,,0.2905353025886213,22.98496262021681
Centralized,24,wind_farm_site_2,wind,2980.654929831397,54.59537461938875,49.862617448648045,0.06732881174008531,-2.989259440143356,95.38530204893948,71.52176474770086,0.3042083363528831,0.27783716122476326,0.27159136899012176,0.6356352537199542,0.6165383250161899,110.64831827101354,0.16436474628004583,7.028690821476067,10.202175694017763,affine,44.42537139144645,,0.8902823807083781,14.192823609774152
Centralized,24,wind_farm_site_3,wind,385.6478998832012,19.63791994797823,14.693068183835146,0.008731091872923424,-1.2079253084309918,115.76420289283038,97.42118867054785,0.2306600578294341,0.17257957899579632,0.13301439271822185,0.5757344524990462,0.4195152691216373,35.71666178137049,0.22426554750095384,1.8111049869740534,4.813371089670917,affine_blend,16.551696397137064,0.9500000000000001,0.543747597911739,3.3139683567820484
Centralized,24,wind_farm_site_4,wind,359.15350152292734,18.95134563884389,15.003414009605901,0.17420476399871887,-5.253903255648489,109.56374489099363,78.71562061340128,0.3084080906736248,0.24416072380656267,0.5610532308725036,0.8267836703548264,0.7198864713939508,44.23624980238304,0.026783670354826317,1.9306414345197773,3.4555678503697793,affine,18.45246113162039,,0.8816372909713072,-3.2847379425999073
Centralized,24,wind_farm_site_5,wind,106.39721348252178,10.31490249505645,8.288634409346473,0.06716025794708702,0.5380095536522616,132.0669370506654,115.55988107693489,0.29651459157363297,0.23826701684949667,0.31014762443035954,0.7267464299498263,0.7806333570500503,27.156022641672518,0.07325357005017374,0.8365295036226517,2.4138511555802524,affine_blend,10.496453217228476,0.9,0.25,5.982947796139647
Centralized,24,wind_farm_site_6,wind,530.3452059939586,23.029225041107193,20.836364297305835,-2.4622833801164354,-19.512709785910214,31.935863642571455,28.647084504016096,0.5065459561960406,0.4583122557440772,0.15597353185219268,0.4264705882352941,0.8696261125475107,39.53602867126466,0.37352941176470594,3.6406514336081117,3.608032471151914,raw,14.370488681746167,,,
Centralized,24,solar_station_site_1,solar,26.422722669409627,5.140303752640463,2.5258131189486064,0.8557287151908439,0.7836586285906484,129.20380844147115,28.32207847556283,0.12008309010886628,0.05900574342616613,0.9280965671796517,0.8401373521556658,0.18368107052620067,7.8626932006735055,0.04013735215566572,0.9253024926426153,0.8453438951390043,affine,5.276641801399262,,1.0474207340668413,0.40833039776367525
Centralized,24,solar_station_site_2,solar,106.66238785459703,10.327748440710446,5.301033466114594,0.8496004083017072,1.5464761585588125,72.1023948163651,30.341629984436462,0.11150188905048929,0.05723176244898739,0.9258237124904343,0.8325066768409004,0.18621446201941572,17.247924103670744,0.03250667684090036,1.6767140318898195,1.850824624757455,affine,10.863248671798065,,1.0656948775098847,0.49897258895775587
Centralized,24,solar_station_site_3,solar,13.822319416936471,3.717838003051837,2.0480725608752968,0.7670244123323557,0.06118196303177829,89.12872917873848,35.765671898306955,0.14260794256407724,0.0785594783550591,0.8763200890439443,0.4002659574468085,0.2012783878044611,5.2473966450795135,0.39973404255319156,0.6490451026649031,0.6804349335594754,affine_blend,3.269880733205139,0.9,0.9671814100156736,0.1504742300716818
Centralized,24,solar_station_site_4,solar,213.13100511659124,14.599006990771366,7.827996215708315,0.6205687969827868,0.9344089152563346,100.97288869895142,61.00599147919487,0.15450823572862277,0.08284740772738829,0.7916675631341729,0.235024799694773,0.2281280448630249,21.555115855415448,0.5649752003052271,2.2135390718874444,2.9557116898870133,affine,13.83612134458832,,0.9581958227528874,0.5082414939500509
Centralized,24,solar_station_site_5,solar,145.55628612161195,12.064670991022172,6.2472664270766165,0.653992727170976,0.2686528663589776,85.561470350179,54.809067507184814,0.14826225531219706,0.0767724052072203,0.8119843777244937,0.2613506295307135,0.1936340793361244,15.756751136158119,0.5386493704692865,1.8047359054180467,2.3253555364293237,affine_blend,11.46673142870542,0.9500000000000001,0.9762459408700189,0.013485954085640352
Centralized,24,solar_station_site_6,solar,12.29060185623562,3.5057954669711724,1.8815703749252646,0.8390271489850494,-0.5173510021989256,126.8250026775252,32.75346462912495,0.12636591837802666,0.06782094696064428,0.9198012101254945,0.824876001526135,0.20439412802382217,5.670548014044601,0.024876001526135005,0.4826268079675758,0.6387245652400657,affine_blend,3.744805367923792,0.8,0.9718610007735703,-0.10052570305482363
Centralized,24,solar_station_site_7,solar,12.044315758759248,3.4704921493585386,2.002898096114432,0.771320145404852,-0.2321948301912615,138.6621901966871,45.38141223847214,0.1383244819649632,0.07983013061269936,0.8795446351115856,0.7520030522701259,0.18402682309888402,4.617141056764192,0.04799694772987417,0.5373563766705312,0.6701666081885307,affine_blend,3.0597469212338555,0.9500000000000001,0.9871843698676022,-0.0692045843117022
Centralized,24,solar_station_site_8,solar,6.703490299729525,2.589109943538421,1.3241215712172107,0.814854645439831,-0.043447041423431754,125.05400273219524,35.30753933887026,0.11460041451138922,0.05860889812874512,0.9028779080496631,0.78210566910914,0.1403217276759839,3.17021872887095,0.01789433089086001,0.39597713010696695,0.4933170237513909,blend,2.2102694899382485,0.65,,
