method,horizon,site,type,rmse_v5,rmse_v6,rmse_improve_pct,mae_v5,mae_v6,mae_improve_pct,wape_v5,wape_v6,wape_improve_pct,smape_v5,smape_v6,smape_improve_pct,nrmse_range_v5,nrmse_range_v6,nrmse_range_improve_pct,r2_v5,r2_v6,r2_delta,corr_v5,corr_v6,corr_delta,picp_80_v5,picp_80_v6,picp_80_delta,pinaw_80_v5,pinaw_80_v6,pinaw_80_improve_pct
Local,1,wind_farm_site_1,wind,10.099112110957453,8.57592731667684,15.082363454783025,6.549154758453369,5.100837305673716,22.114570600278256,31.51443672180176,24.545151415933915,22.11457995391197,76.35733032226562,62.63201357725183,17.97511343977871,0.1242262852493932,0.1054900284374226,15.082361011082499,0.8359065055847168,0.8816720790267664,0.04576557344204957,0.9144524948110964,0.939485446831416,0.025032952020319632,0.8605182926829268,0.8742378048780488,0.013719512195122019,0.294773131608963,0.2369294756120722,19.623110044379633
Local,1,wind_farm_site_2,wind,23.226688634874456,18.327512189506425,21.092875193633954,16.384613037109375,11.439873021943995,30.179168735728325,23.49130630493164,16.40182436975937,30.179172852911723,70.51454162597656,62.38687724839664,11.526224506557394,0.1294203466476861,0.1021218744541212,21.092875193633983,0.831058144569397,0.8948111447264177,0.06375300015702068,0.913527926030289,0.9460643627410252,0.03253643671073625,0.7953506097560976,0.8132621951219512,0.017911585365853577,0.2480917274951934,0.1916453345526576,22.752226973642006
Local,1,wind_farm_site_3,wind,7.518363850127909,5.7970098957152345,22.895326546125986,5.148372173309326,3.512541587350082,31.77374383382519,34.17438125610352,23.315900990971677,31.773743564684224,81.8246078491211,56.62460042639168,30.797590217843123,0.0883080395433368,0.0680896266674689,22.895325250591476,0.8546384572982788,0.9135806838931833,0.058942226594904445,0.9249841253327636,0.9564838419173564,0.03149971658459272,0.6101371951219512,0.6086128048780488,-0.0015243902439023849,0.1730938106775283,0.1257117172613454,27.373649716716436
Local,1,wind_farm_site_4,wind,4.621730576761255,4.029511100515298,12.813803539819576,3.0667078495025635,2.4322183541225093,20.689597004911043,16.106273651123047,12.773950112304384,20.68959966159714,73.27688598632812,67.85921774732749,7.39342040273307,0.0752125537653274,0.0655749648885571,12.813803539819673,0.9508693814277648,0.9626536791379294,0.011784297710164648,0.9754191083475788,0.981183669230208,0.005764560882629222,0.7804878048780488,0.8014481707317073,0.020960365853658458,0.1208318322896957,0.1114536788552478,7.7613268430488285
Local,1,wind_farm_site_5,wind,3.886804014257918,2.322495323637803,40.24665727630669,2.5673553943634038,1.3269556636946855,48.314297794220465,35.83543395996094,18.52179499603524,48.31429970478463,100.9160614013672,90.1877041857206,10.630970993782016,0.1117309742255723,0.0667629919575276,40.24665727630673,0.867462694644928,0.9526780589341768,0.08521536428924881,0.9452702236487444,0.9760616262197788,0.03079140257103441,0.7952968388589051,0.8218966846569006,0.02659984579799546,0.2269455790519714,0.1120734707478227,50.616587811055155
Local,1,wind_farm_site_6,wind,13.341812743595089,4.483463931601753,66.395391557612,12.00943374633789,3.086538063155281,74.29905415734962,16.475492477416992,4.234357361948994,74.29905438181565,17.258209228515625,4.729518839424142,72.59554118969893,0.293463687185714,0.0986173229993535,66.39539155761202,-0.2242947816848755,0.861744101825969,1.0860388835108445,0.6699781760110685,0.929667895455366,0.25968971944429753,0.4444444444444444,0.9027777777777778,0.45833333333333337,0.6336174607276917,0.288148403941024,54.52328545206224
Local,1,solar_station_site_1,solar,3.3819461973073928,3.2749710248242483,3.163124610566395,1.6480470895767212,1.6876882544302518,-2.4053417589974293,18.463172912597656,18.90727652201708,-2.405348265554117,125.76749420166016,127.08120566187812,-1.0445556449677742,0.0790059439086627,0.0765068874530776,3.1631246105662756,0.9375231266021729,0.9414130468048147,0.0038899202026418944,0.9689494509333462,0.9707280618854384,0.0017786109520921967,0.8509908536585366,0.8353658536585366,-0.015625,0.10860326141119,0.1147278094940247,-5.639377679134454
Local,1,solar_station_site_2,solar,8.422265434769374,8.134181582024844,3.4205031291847203,4.760289192199707,4.664777420946147,2.0064279163977488,27.18139266967773,26.636018285171826,2.0064254658823972,97.69640350341795,93.77586167290404,4.012984807958412,0.0909296452974892,0.087819394273809,3.420502756284354,0.9000970125198364,0.9068144930992148,0.0067174805793783765,0.953518936344506,0.9550433879720612,0.0015244516275552122,0.7934451219512195,0.790015243902439,-0.003429878048780477,0.1197319403290748,0.1232414303190982,-2.931122623067675
Local,1,solar_station_site_3,solar,2.818235525475254,2.5576862861872964,9.24511939945189,1.7039849758148191,1.5267834404850211,10.399242824606652,29.485877990722656,26.419571845152124,10.399236361675596,92.12320709228516,89.5827099521283,2.7577167798901048,0.1081012061703613,0.0981071199708322,9.245119970057498,0.866619348526001,0.8901416942868947,0.023522345760893737,0.9354298647655588,0.9473891025980864,0.011959237832527614,0.3756613756613756,0.4232804232804232,0.047619047619047616,0.1479993462562561,0.1764304868310741,-19.210314973682646
Local,1,solar_station_site_4,solar,6.35861823900632,6.128112945891666,3.625084640254736,3.4123032093048096,3.375201110225316,1.087303700864622,26.59842300415039,26.3092210843848,1.0872897228548668,92.87560272216795,87.92766409215155,5.327490196556662,0.0672962832939418,0.0648567344487192,3.6250870416824563,0.9279510974884032,0.9330800660996728,0.0051289686112695465,0.9653229929675928,0.9659686561845214,0.0006456632169286047,0.2881097560975609,0.2789634146341463,-0.009146341463414587,0.0789436995983123,0.0863529340477493,-9.38546646171546
Local,1,solar_station_site_5,solar,5.065081091454776,4.924085263256391,2.7836835314691726,2.716708183288574,2.515719552099233,7.398241460959739,23.841432571411133,22.07758711668647,7.398236030664261,113.67908477783205,105.54729047470784,7.153289735764963,0.0622445754189649,0.0605118852410655,2.7836806119035336,0.9389556646347046,0.9423069390241944,0.003351274389489789,0.9703957974748784,0.97139526460857,0.0009994671336915895,0.3052591463414634,0.3025914634146341,-0.0026676829268292845,0.0878063216805458,0.0861910964915549,1.83953177638777
Local,1,solar_station_site_6,solar,1.9627106693201144,1.8211027044186896,7.214917976192487,1.0719106197357178,0.9634587567865808,10.117621838271933,18.66289329528809,16.77465401222485,10.117612811621077,121.5438232421875,121.9821840930926,-0.3606607388280221,0.070745637780536,0.0656413980429361,7.214917976192457,0.9494982361793518,0.9565226897807894,0.0070244536014375525,0.9782993709247856,0.9782092150713788,-9.015585340677035e-05,0.8307926829268293,0.8467987804878049,0.016006097560975596,0.0918796733021736,0.1025490129644016,-11.612296037599853
Local,1,solar_station_site_7,solar,2.497721301136425,2.306791423408331,7.64416260698196,1.3682434558868408,1.2368529244727795,9.602862038093887,31.01226043701172,28.03419680817412,9.602858956012819,133.2950897216797,133.38119210310694,-0.06459531375614411,0.0995524525639422,0.0919425012107159,7.6441626069819355,0.8814253211021423,0.8988605319173941,0.01743521081525179,0.9409266772659182,0.94895722316831,0.008030545902391828,0.8022103658536586,0.7964939024390244,-0.005716463414634165,0.1263857036828994,0.1144307128330261,9.459132244789538
Local,1,solar_station_site_8,solar,1.1283681570470825,1.0240196115706726,9.247739297206687,0.6926864981651306,0.6224893858716917,10.134037905948118,18.49176979064941,16.617807084820672,10.13403653108601,120.77554321289062,119.55313237651286,1.012134413854817,0.0499443675004097,0.045325642600333,9.247739297206671,0.9648098945617676,0.9710175134347152,0.006207618872947629,0.9831932285316828,0.9859012144917936,0.0027079859601107925,0.7889060092449923,0.8031587057010786,0.014252696456086289,0.0706394761800766,0.0690923787034402,2.190131581231548
FedAvg,1,wind_farm_site_1,wind,10.028453781810349,8.62103675157374,14.034237588943046,6.461131572723389,5.102334976968059,21.03031923218663,31.09086799621582,24.552358187388883,21.030322503774297,79.71184539794922,56.84503488246262,28.68684121077305,0.1233571373821911,0.1060449066907418,14.03423511508029,0.8381946086883545,0.880423993861474,0.04222938517311947,0.9159188571800826,0.9392041441419569,0.023285286961874263,0.8540396341463414,0.8761432926829268,0.022103658536585358,0.2671768069267273,0.2340201857546991,12.409992301884696
FedAvg,1,wind_farm_site_2,wind,29.42825334141601,18.534371483194576,37.018445273780046,22.339311599731445,10.996573165568384,50.774789471576284,32.028804779052734,15.76624682676871,50.774788708069295,83.83611297607422,60.85308365524542,27.414235351521928,0.1639757956269074,0.1032745054605152,37.01844527378009,0.7287987470626831,0.8924232495592982,0.1636245024966151,0.9044455729135132,0.9455246218106486,0.04107904889713532,0.796875,0.8201219512195121,0.023246951219512146,0.2752968668937683,0.1988521189250154,27.76811404768055
FedAvg,1,wind_farm_site_3,wind,7.967844234675203,5.785764046184653,27.38607990093947,5.709062576293945,3.5084611481249253,38.54575770997323,37.89619064331055,23.288815442058585,38.54576133717668,86.08174133300781,57.066265324057554,33.70688784826469,0.0935874769799649,0.0679575368988,27.386078680859967,0.8367382287979126,0.9139156551867924,0.07717742638887981,0.9238333764635376,0.9566368872190976,0.032803510755559984,0.6063262195121951,0.6067073170731707,0.0003810975609755962,0.1574692726135254,0.1250639234050643,20.5788397130614
FedAvg,1,wind_farm_site_4,wind,4.841952673408562,4.022674747273602,16.920403428028905,3.341770887374878,2.4041710971657158,28.056974035873893,17.5508975982666,12.626646618542892,28.056975161259263,73.15605926513672,67.26560662305238,8.051899871664489,0.0787963771858622,0.0654637122793429,16.92040342802901,0.9460757374763488,0.9627802930408402,0.016704555564491463,0.9759405511179484,0.9812236740343904,0.005283122916441951,0.8147865853658537,0.807545731707317,-0.007240853658536661,0.1528205275535583,0.1127287939499448,26.234521137589145
FedAvg,1,wind_farm_site_5,wind,3.6679639399845327,2.329524056296334,36.48999569210167,2.5518546104431152,1.3121961033587857,48.57872787937044,35.61907196044922,18.31577940843679,48.57872931452481,106.5673828125,90.32725885015893,15.239300744501497,0.1054401464378917,0.0669650415449593,36.48999569210169,0.8819671273231506,0.9523911980093456,0.07042407068619494,0.9414166281734508,0.9760449949142672,0.034628366740816374,0.7787201233616037,0.8269082498072475,0.04818812644564385,0.1995573341846466,0.1096125064928479,45.07217339783386
FedAvg,1,wind_farm_site_6,wind,9.415276438847766,4.529719684817659,51.88967934995649,7.508577346801758,3.055538361000415,59.306028028040394,10.300861358642578,4.191829515425859,59.30602918066798,11.358928680419922,4.708660832901881,58.546611521397374,0.2070964263041001,0.0996347547496836,51.889679349956495,0.3902912139892578,0.8588766225806452,0.4685854085913874,0.7755105112724746,0.9278655395219524,0.15235502824947778,0.8055555555555556,0.8611111111111112,0.05555555555555558,0.4535723030567169,0.2824124773304456,37.735951814691965
FedAvg,1,solar_station_site_1,solar,3.651035862082285,3.5311928355346685,3.2824390412661337,1.8799716234207156,1.907581708809838,-1.4686437308497364,21.061437606811523,21.370756573159547,-1.468650773620437,128.0221405029297,129.24359709321448,-0.954097928285175,0.085292171341415,0.0824925078101608,3.2824390412661066,0.9271854162216188,0.9318871804112114,0.004701764189592672,0.9641964246941532,0.9664733640561844,0.002276939362031216,0.8307926829268293,0.7721036585365854,-0.05868902439024393,0.1377386152744293,0.1058625337026361,23.142443757172636
FedAvg,1,solar_station_site_2,solar,9.027661518098226,8.368172064782208,7.30520802085795,5.461456775665283,4.801561403194653,12.082772043732698,31.185077667236328,27.417058905873255,12.082762151725632,88.44573211669922,85.58201447105544,3.237824570059818,0.0974657075420163,0.090345635205902,7.305207662956666,0.8852186799049377,0.9013761734688208,0.016157493563883074,0.9414004203749154,0.949487053587688,0.008086633212772587,0.745045731707317,0.7541920731707317,0.009146341463414642,0.1580114215612411,0.1260225976769756,20.24462761501545
FedAvg,1,solar_station_site_3,solar,3.1272937748747105,2.496681508756997,20.164791398370554,2.3246963024139404,1.5897358472913246,31.615332048295535,40.22671127319336,27.508904877160923,31.615327212959226,112.3385772705078,93.97362746988937,16.347856850987355,0.119955988794091,0.0957671132817906,20.16479190032064,0.8357611894607544,0.8953197776197708,0.05955858815901638,0.933349273034764,0.9499156901770136,0.0165664171422496,0.3584656084656085,0.3862433862433862,0.027777777777777735,0.1412059068679809,0.1342744975260585,4.90872478047456
FedAvg,1,solar_station_site_4,solar,6.891235601312218,6.899733308371856,-0.12331180576703071,3.904106378555298,3.920999906905663,-0.43271178375566394,30.43195915222168,30.56364644764733,-0.43272697221675854,105.52576446533205,85.0300354256045,19.422488094327836,0.072933226345678,0.07302315980453,-0.12330931093839902,0.9153754711151124,0.9151666552928724,-0.00020881582223997164,0.9576215999695974,0.9566694285612788,-0.0009521714083186028,0.2766768292682927,0.2576219512195122,-0.019054878048780477,0.0998314544558525,0.1037065973855867,-3.8816853374082334
FedAvg,1,solar_station_site_5,solar,5.520607748161213,5.280188327520651,4.354944810571623,3.0850844383239746,2.789860256208904,9.569403626289605,27.07425117492676,24.483405870275536,9.569407064711674,87.86923217773438,101.2176298195424,-15.191207787963847,0.0678425239664321,0.0648880214382889,4.354941938193617,0.9274819493293762,0.9336606398677204,0.006178690538344189,0.9654823627764052,0.967252404569374,0.0017700417929688017,0.3022103658536585,0.296875,-0.005335365853658514,0.0940556451678276,0.0930188043691072,1.1023695567345544
FedAvg,1,solar_station_site_6,solar,1.8369486520077023,1.8017736350489268,1.9148611976894805,0.9553312063217164,0.8842703160453932,7.438351202817595,16.633146286010742,15.395914459707354,7.438351139519274,119.9406280517578,120.07510813807602,-0.11212221288368447,0.0662125630577011,0.0649446843797135,1.914861197689479,0.9557628035545348,0.9574407226787048,0.0016779191241700353,0.9776579903781308,0.9786374554888788,0.000979465110747979,0.859375,0.8772865853658537,0.01791158536585369,0.1035177335143089,0.0975297142354943,5.784534760884138
FedAvg,1,solar_station_site_7,solar,2.2121213297964646,2.1403223489935432,3.245707178707396,1.210552453994751,1.165829095369156,3.6944585489055557,27.438077926635746,26.42438858945657,3.6944619076073435,133.0874481201172,132.99334654640236,0.07070657304202922,0.0881692059278389,0.0853074916816298,3.245707178707323,0.9069916605949402,0.9129312355043055,0.005939574909365364,0.9526816578080328,0.9562652133994034,0.0035835555913705797,0.7816310975609756,0.7915396341463414,0.009908536585365835,0.1076208055019378,0.1113100118005724,-3.427967558343704
FedAvg,1,solar_station_site_8,solar,1.4887520753732304,1.3775113224829734,7.472080457880736,0.8452122807502747,0.7893149818876246,6.613403536095258,22.563556671142575,21.071337754296906,6.613402924877206,126.85496520996094,127.0821744302642,-0.1791094419735213,0.065895851726287,0.060972060666893,7.472080457880794,0.9387418627738952,0.947554352767793,0.008812489993897832,0.968933571982666,0.9735516051964814,0.004618033213815376,0.8046995377503852,0.8012326656394453,-0.003466872110939878,0.0925361961126327,0.092561220918905,-0.027043262337948126
FedPer,1,wind_farm_site_1,wind,16.06277833690021,8.6003197480549,46.45808111354049,9.925300598144531,5.086703864356513,48.75012787716034,47.760398864746094,24.477141511604465,48.75013171284035,93.36337280273438,57.534019118431445,38.376241783816084,0.1975836352398273,0.1057900727573792,46.458079572748495,0.584886908531189,0.880998003715231,0.296111095184042,0.9131572325784169,0.9391300079106172,0.025972775332200326,0.8307926829268293,0.8810975609756098,0.05030487804878048,0.4449162185192108,0.235511622652804,47.06607382472056
FedPer,1,wind_farm_site_2,wind,43.76358606014537,18.474393899542303,57.78592304078444,34.26694107055664,10.990607861830004,67.92649848960835,49.12994384765625,15.757694121328576,67.92649678128973,88.99921417236328,60.72715052240029,31.76664413599087,0.2438530333568778,0.102940307168654,57.78592304078444,0.4002248048782348,0.8931183639140573,0.4928935590358225,0.9022989195750538,0.9457399530922518,0.04344103351719797,0.7362804878048781,0.8201219512195121,0.08384146341463405,0.4044889807701111,0.1969054211834027,51.319954178105846
FedPer,1,wind_farm_site_3,wind,10.268959932044604,5.779698057943523,43.71681167137679,7.28309440612793,3.601881791144528,50.544623064147885,48.34445571899414,23.90893235996281,50.5446239814234,106.48171997070312,71.89828798051697,32.4782807788053,0.1206155671399847,0.067886287947679,43.71681072569087,0.7288212776184082,0.9140960679655608,0.18527479034715255,0.9221743681542156,0.956084372157726,0.03391000400351041,0.6036585365853658,0.6032774390243902,-0.0003810975609755962,0.1893514096736908,0.1285049736370521,32.13413416963483
FedPer,1,wind_farm_site_4,wind,11.328780288159129,4.0021421617329125,64.67278859741008,8.608222007751465,2.362022706240928,72.5608528205477,45.21016693115234,12.405284321003048,72.56085265092196,115.14027404785156,67.4540311048966,41.41578030562692,0.1843609190036014,0.0651295716001598,64.6727885974101,0.7048047184944153,0.963159277921511,0.25835455942709573,0.9748159796926056,0.9814551451938704,0.006639165501264865,0.8025914634146342,0.8117378048780488,0.009146341463414642,0.2868057787418365,0.113872138370305,60.296428171761086
FedPer,1,wind_farm_site_5,wind,3.9685909209321486,2.326847368769068,41.36842483572142,2.83017373085022,1.3060604840473264,53.85228582222161,39.50387954711914,18.2301377504901,53.852284992045675,103.78312683105467,91.18612743510327,12.137810625476398,0.1140820397097301,0.0668880968613525,41.36842483572146,0.8618262410163879,0.952500542811863,0.09067430179547509,0.947345175961046,0.9760213532525284,0.02867617729148242,0.7879722436391673,0.8280647648419429,0.04009252120277562,0.2582626342773437,0.1113314707584909,56.892149315361664
FedPer,1,wind_farm_site_6,wind,26.21182701545776,4.528190825897603,82.72462723324392,24.35499763488769,3.038902441660563,87.52246874658923,33.412113189697266,4.169007043747838,87.5224682136137,38.70345306396485,4.683646508708407,87.898634003101,0.5765497951185903,0.0996011262927049,82.72462723324392,-3.725533962249756,0.8589718696768976,4.584505831926654,0.7274361492072337,0.9293873683464224,0.2019512191391888,0.4722222222222222,0.9166666666666666,0.4444444444444444,0.6792837381362915,0.2962888316566702,56.382169184620935
FedPer,1,solar_station_site_1,solar,5.061122377180468,3.866472256189664,23.604450395770495,3.038992166519165,2.247531347767865,26.043529413168322,34.046016693115234,25.179233530006744,26.043525863927353,132.6987762451172,130.34896866332696,1.7707831588813876,0.1182333270011078,0.0903249999778622,23.60445039577048,0.8600800037384033,0.9183387946839856,0.058258790945582284,0.9560277598672084,0.958971719231624,0.002943959364415605,0.7633384146341463,0.7595274390243902,-0.003810975609756073,0.2671899795532226,0.1101476787887823,58.775520334645805
FedPer,1,solar_station_site_2,solar,15.308486100986654,8.799097909745553,42.521436465370414,9.276128768920898,5.282788542860325,43.049641995484315,52.96696853637695,30.1648802346894,43.04963816463728,116.45278930664062,115.19303494013393,1.0817725998726777,0.1652756282719053,0.0949980573703197,42.521436243441514,0.6699458360671997,0.8909572121744596,0.22101137610725985,0.9340918656625234,0.9446331429682248,0.010541277305701313,0.7012195121951219,0.7473323170731707,0.04611280487804881,0.3805810511112213,0.1323743899899772,65.21781901556312
FedPer,1,solar_station_site_3,solar,5.461604567403575,2.914006744062955,46.64559273561136,3.6813580989837646,1.792229186467265,51.3160866648097,63.70248031616211,31.01286436523608,51.3160802981046,119.94390869140624,52.13478937709272,56.53402499060955,0.2094949254684162,0.1117747750298816,46.645593071067985,0.4990679025650024,0.857400024081994,0.3583321215169916,0.9214120462463962,0.9271481693770696,0.005736123130673398,0.458994708994709,0.421957671957672,-0.037037037037037035,0.5032942891120911,0.228974391280683,54.50486996690579
FedPer,1,solar_station_site_4,solar,14.488804145154306,6.690076552665914,53.82588869555966,7.462031841278076,3.5430239481162125,52.51931345941063,58.165489196777344,27.617376658197617,52.519308202211846,136.5570526123047,90.40334108602477,33.79811635017756,0.1533419104108876,0.0708042626252089,53.82588984610586,0.6259177923202515,0.9202438547236832,0.29432606240343173,0.9450500242974768,0.9608672613438876,0.015817237046410804,0.2923018292682927,0.2782012195121951,-0.01410060975609756,0.3779846131801605,0.099945657749971,73.55827346804368
FedPer,1,solar_station_site_5,solar,14.57290264762475,5.69121716213194,60.946578044563026,8.204269409179688,2.822147953312814,65.60147147099855,71.99947357177734,24.766757981210937,65.6014735211632,131.77845764160156,73.57301525383377,44.16916348047523,0.1790858076198702,0.0699391382124771,60.946576871724645,0.4946821928024292,0.9229304598301948,0.42824826702776564,0.9578873284850634,0.9617604720188192,0.003873143533755785,0.3921493902439024,0.3136432926829268,-0.0785060975609756,0.4487022757530212,0.1204884645634198,73.1473471220502
FedPer,1,solar_station_site_6,solar,3.927813771496756,1.9456710226277092,50.46427514596039,2.343037843704224,1.1163002732866651,52.356711766897845,40.7943229675293,19.43575760377237,52.35670997838968,128.77859497070312,123.25916230778653,4.285986086563734,0.141577510476349,0.0701314460447633,50.46427514596042,0.7977467179298401,0.9503713329133504,0.15262461498351032,0.9742415797548318,0.975276549566414,0.0010349698115821315,0.8254573170731707,0.859375,0.033917682926829285,0.3038698732852936,0.0983787476772024,67.62471165253102
FedPer,1,solar_station_site_7,solar,3.972791161210932,2.1781333786037127,45.17372572033704,2.35579514503479,1.179722214039154,49.922546681293376,53.3958625793457,26.73928651738932,49.92254975251122,145.3472442626953,133.4818431122904,8.163485458974252,0.1583447694676557,0.0868145376158369,45.173725720337046,0.7000178098678589,0.9098277409740354,0.20980993110617652,0.9412503883907256,0.9540134010541824,0.012763012663456808,0.788109756097561,0.8227896341463414,0.03467987804878048,0.28201624751091,0.1140137735713712,59.57191311576454
FedPer,1,solar_station_site_8,solar,3.2485135420449027,1.4083561909288562,56.646134525814176,2.257472038269043,0.8234706115701035,63.52244468101965,60.26486206054688,21.98314714061952,63.52244676419654,131.18109130859375,111.5256506956411,14.98344038525696,0.1437872498977109,0.0623373308896849,56.646134525814226,0.7083321809768677,0.945179358989588,0.23684717801272037,0.9538724235893382,0.9730446555375772,0.019172231948239027,0.7777349768875192,0.8070107858243452,0.02927580893682591,0.3539750277996063,0.1002050355970746,71.69149580410428
FL+MoE,1,wind_farm_site_1,wind,10.340273546625491,8.590259508420344,16.924252828652275,6.450070858001709,5.041198066567413,21.84274905579529,31.037643432617188,24.25816830581452,21.84275085678114,65.17643737792969,58.27979403383348,10.58149788719746,0.127192742990361,0.1056663246277661,16.92425043795639,0.8279759883880615,0.8812762464847785,0.05330025809671701,0.9100571301094388,0.9392429228677336,0.029185792758294804,0.8490853658536586,0.8711890243902439,0.022103658536585358,0.2844400405883789,0.2290004719469485,19.49077511265671
FL+MoE,1,wind_farm_site_2,wind,24.14837810369596,18.41689262641475,23.7344531076561,16.696409225463867,11.180987958182625,33.033577416571795,23.93834114074707,16.03065002721003,33.033580176016564,67.99055480957031,61.07887682129919,10.165644342261256,0.1345560494778044,0.1026199070109803,23.734453107656154,0.8173840641975403,0.8937826634608047,0.07639859926326442,0.9064208404847058,0.9456128034786712,0.039191962993965324,0.7915396341463414,0.8121189024390244,0.020579268292682973,0.2424133270978927,0.1925641394046399,20.56371581960196
FL+MoE,1,wind_farm_site_3,wind,7.6604532965257315,5.80322757866566,24.244331842638932,5.110786437988281,3.510854785986064,31.304999170186143,33.924896240234375,23.30470417162681,31.30500972914455,83.5335464477539,56.29435230949845,32.60868872039597,0.0899769718670865,0.0681626573709603,24.24433056977088,0.8490921854972839,0.9133952034202586,0.06430301792297466,0.9218004561183,0.9564413516103644,0.034640895492064394,0.6124237804878049,0.6070884146341463,-0.005335365853658569,0.1771328002214431,0.1258947086580458,28.926371343614417
FL+MoE,1,wind_farm_site_4,wind,4.9291693994036745,4.005718826903965,18.734405285633475,3.193287849426269,2.375501286740338,25.60954731446653,16.771068572998047,12.476073489497033,25.609549354631422,70.80746459960938,67.38677385713426,4.83097475925439,0.0802157140736779,0.0651877770963502,18.734405285633425,0.9441155791282654,0.9630934002982544,0.01897782116998903,0.9720563825205524,0.9814249036833692,0.009368521162816834,0.7751524390243902,0.8052591463414634,0.03010670731707321,0.1335151940584182,0.1102512663821842,17.424179952174658
FL+MoE,1,wind_farm_site_5,wind,4.100536283449965,2.329675599566594,43.18607522217719,2.673532724380493,1.3074124285965305,51.097945550695215,37.31747055053711,18.2490083431342,51.097949368190655,103.71292877197266,89.87522370971546,13.342314430905066,0.117874971857732,0.0669693978431317,43.18607522217716,0.8524856567382812,0.9523850035867548,0.09989934684847357,0.9245831376296834,0.9760288700784864,0.05144573244880302,0.6958365458750964,0.8284502698535081,0.13261372397841176,0.1675794422626495,0.110854360064944,33.849666421970504
FL+MoE,1,wind_farm_site_6,wind,9.665346866704317,4.4807436982208255,53.64114956229537,8.120655059814453,3.067141884171136,62.23036366426804,11.140559196472168,4.207748147484541,62.23036857236942,12.0084810256958,4.705947899134309,60.811464088884335,0.2125969224679458,0.0985574893220779,53.641149562295354,0.3574732542037964,0.8619118177812273,0.5044385635774309,0.7504226597896261,0.9292875890935236,0.17886492930389752,0.7916666666666666,0.8611111111111112,0.06944444444444453,0.5017113089561462,0.2796978176238127,44.25124316895543
FL+MoE,1,solar_station_site_1,solar,3.570193098813758,3.3152518689307366,7.140824678859209,1.6458196640014648,1.6890051607540864,-2.6239507096193666,18.438220977783203,18.92202990550065,-2.6239458150566928,125.24994659423828,126.5737781186346,-1.0569517675604536,0.0834035964062787,0.077447891811043,7.140824678859231,0.9303743243217468,0.9399629912021952,0.009588666880448349,0.968354690605153,0.969717185420388,0.0013624948152349825,0.8521341463414634,0.8319359756097561,-0.020198170731707377,0.0894674211740493,0.1042890163985224,-16.566471940259987
FL+MoE,1,solar_station_site_2,solar,7.8439625259118975,7.598083768383037,3.134624326883507,4.046961307525635,4.103364944863605,-1.3937281098557452,23.10826873779297,23.43033629243376,-1.3937329459651795,50.37326049804688,103.90248842716991,-106.26516409673047,0.0846860901894025,0.0820314997215685,3.134623952879333,0.9133453965187072,0.918692838367354,0.005347441848646883,0.9562997051523284,0.9587655652401168,0.002465860087788374,0.8029725609756098,0.7942073170731707,-0.008765243902439046,0.1200367510318756,0.1192947572487583,0.6181388422619454
FL+MoE,1,solar_station_site_3,solar,2.6428296518552963,2.4130459885090976,8.69460743279038,1.6058145761489868,1.514858253072195,5.664185917088905,27.78713035583496,26.213217533685405,5.664179071370185,87.25707244873047,91.5822255751751,-4.956793764752946,0.1013730295022719,0.0925590419623736,8.694608006857244,0.8827057480812073,0.9022156068522024,0.019509858770995092,0.9403039597289452,0.9506171987277036,0.010313238998758356,0.3677248677248677,0.4034391534391534,0.0357142857142857,0.133166566491127,0.1452628875664299,-9.083602133805044
FL+MoE,1,solar_station_site_4,solar,6.583736680949659,6.513616407043681,1.0650528309990628,3.298715353012085,3.1348461719008385,4.967666608809279,25.713024139404297,24.43568792159196,4.967662344527047,109.34712982177734,50.86163720497565,53.48607934394438,0.069678818913202,0.0689367009620258,1.0650552962165654,0.922759175300598,0.9243957274416418,0.0016365521410437456,0.9615782742660935,0.9617496807237068,0.00017140645761326567,0.2820121951219512,0.2801067073170731,-0.001905487804878092,0.1237039566040039,0.0974422368097847,21.229490563739333
FL+MoE,1,solar_station_site_5,solar,5.010805470482036,5.071577188069671,-1.212813347986332,2.3789632320404053,2.3231604658450697,2.3456758576076955,20.87743377685547,20.387716718239872,2.345676503395223,114.10342407226562,44.049756386983056,61.39488648554067,0.0615775845214749,0.0623244075576232,-1.2128163875733857,0.9402569532394408,0.9387989980435638,-0.001457955195876992,0.9706972048894544,0.9693799155939846,-0.0013172892954698145,0.3052591463414634,0.3094512195121951,0.004192073170731725,0.086320124566555,0.0881401046340102,-2.1084076008856503
FL+MoE,1,solar_station_site_6,solar,1.7386145797198915,1.80760616868646,-3.9681933978538058,0.857538104057312,0.8443325420074335,1.5399388070802251,14.930481910705566,14.700563115619058,1.539928827894364,119.11067962646484,120.09271813066316,-0.8244756114884246,0.0626681248639818,0.0651549172573931,-3.9681933978538058,0.9603721499443054,0.9571647388562384,-0.0032074110880669915,0.980097627027034,0.9786695356567698,-0.0014280913702641174,0.8574695121951219,0.8578506097560976,0.00038109756097570724,0.0993767231702804,0.0996366616018799,-0.26156872888039706
FL+MoE,1,solar_station_site_7,solar,2.2292101728050127,2.170908151233308,2.6153667466151633,1.1174707412719729,1.1460625428734332,-2.558617469385859,25.328311920166016,25.976364890017607,-2.5586109800535937,131.935302734375,132.86902073807795,-0.7077089939929132,0.0888503212437099,0.0865265594876411,2.6153667466152326,0.9055491089820862,0.9104249812430846,0.004875872260998393,0.9554308718200024,0.9546035310856128,-0.0008273407343896144,0.8216463414634146,0.8109756097560976,-0.010670731707317027,0.1048521995544433,0.1043195993351299,0.507953311019348
FL+MoE,1,solar_station_site_8,solar,1.2862477870288196,1.1586412814839857,9.920833826241191,0.7223843932151794,0.5929579557742728,17.916560581390343,19.284576416015625,15.829444071031189,17.916558136661937,119.72183990478516,119.0225669028065,0.5840814028040211,0.0569325106976371,0.0512843309182175,9.920833826241253,0.9542734622955322,0.9628963110098104,0.008622848714278208,0.980040590222897,0.9813783309668,0.0013377407439030264,0.8077812018489985,0.8097072419106317,0.0019260400616332163,0.0675466358661651,0.0747666577005464,-10.688943633975835
Local,6,wind_farm_site_1,wind,18.14001011689397,17.783451638973148,1.9655913950607693,12.792525291442873,13.366527862482194,-4.487015330923602,61.53633499145508,64.29748346085351,-4.487021318025923,96.7992935180664,98.58572135418984,-1.8454967708932937,0.2231350683554802,0.2187491509475322,1.965588573894947,0.470668613910675,0.491273124185124,0.020604510274448984,0.6978699989732581,0.7058406227846946,0.007970623811436539,0.8780022874571102,0.8661837590545177,-0.011818528402592454,0.5628026723861694,0.5577135299623697,0.9042498682927055
Local,6,wind_farm_site_2,wind,45.24414699067784,44.336816209817655,2.0054102932853013,37.688941955566406,37.19801633543592,1.3025720401205805,54.03854370117188,53.33464740083292,1.3025819204741012,88.37779235839844,85.7765601100541,2.9433098281020134,0.2521027977496732,0.2470471022939411,2.0054102932852693,0.3591960668563843,0.38463983745992,0.025443770603535698,0.613384174369972,0.6259761828368017,0.01259200846682973,0.7582920320243995,0.7479984750285932,-0.010293556995806363,0.5451670289039612,0.5321425230130857,2.389085399581253
Local,6,wind_farm_site_3,wind,15.690875780646277,15.302226938921295,2.476909811524704,11.66709327697754,10.863814595640823,6.884994079217764,77.4159927368164,72.08590142491964,6.885000273802542,106.21217346191406,107.28811926408272,-1.0130155208192568,0.1842994708061814,0.1797345421511453,2.476908172914296,0.3669613599777221,0.3979325882376279,0.03097122825990578,0.611287665505009,0.6394140279943656,0.028126362489356627,0.5737704918032787,0.5756767060617614,0.0019062142584826969,0.3414487242698669,0.3188754033170748,6.611042697863782
Local,6,wind_farm_site_4,wind,11.61629693543461,11.4120624046111,1.758172436178931,8.331563949584961,8.162694605648731,2.0268624829392556,43.74401092529297,42.8573805719562,2.026861128146154,95.261962890625,92.118806363618,3.2994874676431016,0.1890398722511937,0.1857162253238853,1.7581724361789624,0.6896877288818359,0.700503497944984,0.010815769063148073,0.8328194742084597,0.8386788326613355,0.005859358452875774,0.7560045749142204,0.7872664887533358,0.031261913839115474,0.3507997691631317,0.3617907435252021,-3.133119040611241
Local,6,wind_farm_site_5,wind,8.628376175575918,6.630439007945742,23.155424925557554,5.986269474029541,4.525353759657665,24.404442878988693,83.5248031616211,63.14104139245029,24.404441552203455,122.80972290039062,114.45819654711404,6.800378794153292,0.248033312856881,0.1906001453079326,23.155424925557565,0.3469913005828857,0.6143925699890809,0.2674012694061952,0.6022990491813899,0.7843625237626215,0.18206347458123162,0.7007327419976861,0.8060161974546857,0.10528345545699958,0.5494850873947144,0.335743633136182,38.89849955199865
Local,6,wind_farm_site_6,wind,15.170008755746125,13.233037531606286,12.768425221944248,13.672118186950684,11.868879033478214,13.189171778763342,18.778961181640625,16.30217124460607,13.189174380188861,19.82765769958496,17.291038252554195,12.793338908023733,0.3336762994397437,0.2910710906624293,12.768425221944229,-0.5666414499282837,-0.1921119591106024,0.3745294908176813,0.5794184915498668,0.4972783858102371,-0.08214010573962971,0.5070422535211268,0.647887323943662,0.14084507042253525,0.7026323676109314,0.619302935294571,11.8596062688792
Local,6,solar_station_site_1,solar,5.112649317568494,4.902366068198185,4.112999666292731,2.4855523109436035,2.354249928804916,5.282623968949605,27.866046905517575,26.393990637720066,5.282616055261275,128.6746826171875,128.81815015850177,-0.1114963242156093,0.1194370524078936,0.114524606840927,4.112999666292783,0.8571848273277283,0.8686911882763712,0.01150636094864288,0.9289827607106635,0.9347302957184378,0.0057475350077742515,0.8490278307281739,0.8597026305756768,0.010674799847502858,0.1802335232496261,0.1762254462238695,2.2238243771140023
Local,6,solar_station_site_2,solar,10.099927210781567,10.221091511354524,-1.199655186065256,5.5015950202941895,5.384123265610392,2.135230860331768,31.443161010742188,30.771777978542147,2.135227536349384,102.37785339355467,82.3698017766334,19.543339651797105,0.1090422530517142,0.1103503845215223,-1.1996555768044403,0.8562502264976501,0.8527805232767439,-0.0034697032209062284,0.9260694187711316,0.926467614224855,0.0003981954537234378,0.8189096454441479,0.8131910026686999,-0.00571864277544798,0.1955478489398956,0.1733643842528301,11.344264233703692
Local,6,solar_station_site_3,solar,4.400342078349607,5.137641559936191,-16.755503741725363,2.7767882347106934,3.235168765040339,-16.507579677836077,48.13842010498047,56.08490392379606,-16.507570878906844,106.84964752197266,114.33172821557618,-7.002438348769377,0.1687872720118275,0.1970684284502917,-16.755503007645302,0.674789309501648,0.5566777696537777,-0.11811153984787026,0.8695127394926097,0.8690687177243294,-0.0004440217682802894,0.3973509933774834,0.3483443708609272,-0.04900662251655624,0.2606602013111114,0.2089681279964045,19.831210539506085
Local,6,solar_station_site_4,solar,14.54092314968076,14.644156369924346,-0.7099495622178076,7.578752040863037,7.856449177664659,-3.664153877898853,59.093509674072266,61.25879131668757,-3.6641615205423133,106.02677154541016,120.69741510221976,-13.836735140545448,0.1538935106425378,0.1549860730857512,-0.7099470527715714,0.6233361959457397,0.6179689971755681,-0.005367198770171666,0.7906172881438711,0.7864226312639291,-0.004194656879942027,0.248570339306138,0.2500953107129241,0.0015249714067861186,0.2212083637714386,0.2022148505884088,8.586254542642278
Local,6,solar_station_site_5,solar,11.935432934174273,11.842394110032954,0.7795177992657826,6.495643138885498,6.294702794343669,3.093463422257918,57.01891326904297,55.25504909573732,3.093472099306558,120.83171844482422,94.0665963287176,22.15074192487668,0.1466740496381333,0.145530703684826,0.7795148195117602,0.6611508131027222,0.6664129806202168,0.0052621675174946425,0.826428595401832,0.8170346714164706,-0.00939392398536143,0.2687762104460541,0.2558139534883721,-0.012962256957681995,0.169672429561615,0.2012034424241914,-18.583462819530265
Local,6,solar_station_site_6,solar,3.338879326672507,3.3427366537071497,-0.11552759645514502,1.7786498069763184,1.8552503683060169,-4.306669082876886,30.97484970092773,32.30883568233436,-4.306674590148782,126.77408599853516,127.9950542228386,-0.9631055232514599,0.1203494489177648,0.1204884857434465,-0.11552759645513878,0.8538984060287476,0.8535606373578775,-0.00033776867087009776,0.9246055573496488,0.9272904681763966,0.0026849108267478217,0.8471216164696912,0.85055280213496,0.0034311856652687878,0.2223312556743621,0.2057828555123687,7.443128098116378
Local,6,solar_station_site_7,solar,4.111165516009349,3.969062961841212,3.4565028728416083,2.2233736515045166,2.155779612337793,3.04015652614144,50.39289093017578,48.86086709659695,3.040158651944776,137.3800811767578,137.21090549043032,0.12314426143759857,0.1638599990434566,0.1581961734690812,3.456502872841659,0.6788789629936218,0.7006944033357059,0.021815440342084047,0.8483081157520578,0.8546672572193007,0.006359141467242924,0.7754479603507434,0.7777354174609226,0.002287457110179192,0.1974982172250747,0.1942030225162159,1.6684680779186511
Local,6,solar_station_site_8,solar,3.06724243425796,3.025354171210913,1.3656652170430974,1.5179996490478516,1.500070886851799,1.1810781515857582,40.50849533081055,40.03005794860541,1.1810791250032915,127.8329620361328,127.73067817727394,0.080013681314795,0.1357637419956355,0.133909663793845,1.3656652170430852,0.7400362491607666,0.7470881798355713,0.007051930674804696,0.8698400038495641,0.8857467617335044,0.01590675788394036,0.7880539499036608,0.7973025048169556,0.009248554913294793,0.1379410922527313,0.1348104986299273,2.269514886157502
FedAvg,6,wind_farm_site_1,wind,17.775553617158717,18.556060393755555,-4.390899959613159,12.489715576171877,15.6192871063233,-25.057188140633734,60.07971954345703,75.13401121977293,-25.057193659878497,97.35613250732422,103.49335183871624,-6.303885716629415,0.2186519933485216,0.2282527902046546,-4.390902963701674,0.4917248487472534,0.4461092403494658,-0.04561560839778761,0.7133811372951981,0.7238892546654071,0.010508117370208958,0.8764773160503241,0.8688524590163934,-0.0076248570339306765,0.6072179675102234,0.6152937471948224,-1.3299638872202975
FedAvg,6,wind_farm_site_2,wind,51.4112388346714,47.25893047338168,8.076654940455219,41.33308792114258,39.55939787400567,4.291211076512957,59.26353454589844,56.72040460365657,4.291222185325894,98.77152252197266,84.27201953426237,14.6798415347751,0.2864661621019796,0.2633292786678376,8.07665494045522,0.172598123550415,0.3008535646176279,0.1282554410672129,0.5824402952861437,0.5748089606676019,-0.0076313346185418185,0.7826915745329776,0.7792603888677088,-0.0034311856652687878,0.5819014310836792,0.5887233110747948,-1.172342879173054
FedAvg,6,wind_farm_site_3,wind,15.337285126888546,14.999149117172394,2.2046666467936302,11.77049160003662,10.512259728118115,10.689713859653827,78.10208129882812,69.75318953053022,10.68971739223443,105.42701721191406,105.6153023898399,-0.17859290996289032,0.1801463201930116,0.176174697316427,2.204665003608932,0.3951706886291504,0.4215456526781648,0.026374964049014404,0.6457301491985322,0.653747618653188,0.008017469454655757,0.5852077773541746,0.5863515059092642,0.001143728555089596,0.3112067878246307,0.3230134687691994,-3.7938378616670607
FedAvg,6,wind_farm_site_4,wind,12.92141977451618,11.297533486009764,12.567398295573284,9.865147590637209,7.817586193365253,20.755506985169188,51.795936584472656,41.045424682588326,20.755512132407524,96.03874206542967,83.76743500784075,12.777455007926571,0.2102790206771861,0.1838524186166532,12.567398295573295,0.6160417795181274,0.706484694093629,0.09044291457550158,0.8282479933847292,0.8428251540022443,0.014577160617515128,0.7582920320243995,0.7941288600838734,0.03583682805947386,0.4174527525901794,0.3548215711212323,15.00317846279318
FedAvg,6,wind_farm_site_5,wind,7.82387843275116,6.614356987394442,15.459358881313886,6.310516357421875,4.612792642901201,26.90308713840762,88.04893493652344,64.36105256492655,26.903087912050317,122.39550018310548,114.5658196404186,6.397033004459779,0.2249070332095533,0.1901378477963727,15.459358881313868,0.4630856513977051,0.6162608704062136,0.1531752190085085,0.7307382071112715,0.7876492710153601,0.05691106390408862,0.827998457385268,0.7994600848438103,-0.028538372541457746,0.5386504530906677,0.3393924747472864,36.99207476761213
FedAvg,6,wind_farm_site_6,wind,17.271626502192838,11.997569868633672,30.535958109617305,15.782960891723633,10.540392485715229,33.216634330998914,21.67824935913086,14.477465209882832,33.21663124155855,23.8587589263916,15.45752012788862,35.2123881398117,0.3799030382480261,0.2638960056314455,30.535958109617294,-1.030787229537964,0.0200937407052863,1.0508809702432504,0.5051160052777737,0.517964916968233,0.01284891169045932,0.8450704225352113,0.704225352112676,-0.14084507042253525,0.7451857924461365,0.6671270017623312,10.475077688688962
FedAvg,6,solar_station_site_1,solar,5.504294539455096,5.248919676510802,4.639556642795055,2.975800037384033,3.1361621682013734,-5.3888745481135,33.3623161315918,35.16017305261139,-5.3888852138690355,132.53343200683594,132.45652395132416,0.05802917373166097,0.1285863110380587,0.1226204763025673,4.639556642795089,0.8344665765762329,0.8494702814386257,0.015003704862392775,0.9154282021599268,0.9228875847132618,0.007459382553335003,0.8135722455203965,0.7682043461685093,-0.04536789935188723,0.2175583988428115,0.2062359033518152,5.204347683757753
FedAvg,6,solar_station_site_2,solar,13.976181477128888,12.921774933742,7.544310619551952,7.923219203948975,8.309273879176255,-4.872447237542895,45.28342056274414,47.48983601584091,-4.8724575698507255,102.60191345214844,110.63040942039402,-7.824898871881094,0.1508916139216251,0.1395078824071726,7.54431026257386,0.7247370481491089,0.7647037198900802,0.03996667174097135,0.8632706700060829,0.8827317498047444,0.019461079798661518,0.7682043461685093,0.7689668318719024,0.000762485703393101,0.2690376937389374,0.249669158483497,7.1991901901429385
FedAvg,6,solar_station_site_3,solar,4.655934367906923,4.36606179397088,6.225873284084864,2.845125198364258,2.862670520924923,-0.6166801577221377,49.3231086730957,49.62727226675472,-0.6166756350962362,100.57028198242188,105.5314360367867,-4.933021919170873,0.1785912200989309,0.1674723559861169,6.225873873673451,0.6359126567840576,0.6798366150427071,0.043923958258649476,0.8450018946160625,0.8264264804990277,-0.018575414117034783,0.3682119205298013,0.3536423841059603,-0.014569536423841012,0.2005000412464141,0.2597935037977407,-29.572793193820374
FedAvg,6,solar_station_site_4,solar,15.311948929816117,14.915148177618024,2.5914451126820612,8.49269962310791,8.410871086141666,0.9635162033000112,66.21980285644531,65.58176410308931,0.9635165401189323,103.88482666015624,98.92839728171528,4.771081146099594,0.1620536434538811,0.1578541082973329,2.591447539865614,0.5823323726654053,0.603699118941027,0.02136674627562174,0.7920945992611785,0.7927868905165919,0.0006922912554133687,0.230651925276401,0.2310331681280976,0.000381242851696606,0.2087820023298263,0.2397731322141237,-14.843774625429024
FedAvg,6,solar_station_site_5,solar,12.352283936868972,12.578260744259524,-1.8294333950344084,6.767712116241455,6.965578274085886,-2.9236787033181155,59.40713882446289,61.144009826908366,-2.92367388299512,102.32794189453124,94.46996341261044,7.6792109138870055,0.1517967146472831,0.1545737390797086,-1.829436453139472,0.637068510055542,0.6236678607001277,-0.013400649355414296,0.8143605996774909,0.8129898823378708,-0.00137071733962002,0.2489515821578345,0.2573389248951582,0.008387342737323694,0.2235318571329116,0.2298205974498126,-2.8133530484479086
FedAvg,6,solar_station_site_6,solar,3.4770876369979185,3.751868199351045,-7.902606751389482,1.8900545835494995,2.279716407198584,-20.616432299923538,32.91494369506836,39.70083179110388,-20.616435376288518,127.14158630371094,129.48324343991482,-1.8417712129296684,0.1253311485708922,0.1352355763794495,-7.902606751389472,0.841552734375,0.8155202718446977,-0.026032462530302336,0.9186849751251878,0.9189601399887488,0.0002751648635610504,0.7548608463591308,0.7773541746092261,0.022493328250095312,0.1799549013376236,0.2339641691011175,-30.012668375263672
FedAvg,6,solar_station_site_7,solar,3.4607829108921644,3.5104311593701776,-1.4345958633162066,1.912808179855347,2.079486265078834,-8.713789860313751,43.35390472412109,47.131674056900266,-8.713792579512033,137.62889099121094,138.1083421404185,-0.34836519117063935,0.137937497836103,0.1399163434740216,-1.434595863316185,0.7724443674087524,0.7658685348607993,-0.006575832547953131,0.8805552304983174,0.8814401738650305,0.0008849433667130757,0.7468547464735036,0.7598170034311856,0.01296225695768205,0.156880035996437,0.222245985625856,-41.66620004530315
FedAvg,6,solar_station_site_8,solar,2.9357328578081745,2.899937879766772,1.2192859423907956,1.650126814842224,1.6590305470898288,-0.5395786655619075,44.034366607666016,44.27196709209485,-0.5395796572840167,133.464599609375,133.98355331094822,-0.3888324717506373,0.1299428026373147,0.1283584283116093,1.2192859423908051,0.7618504762649536,0.7676225031226807,0.005772026857727042,0.8750761454957442,0.8785135800695707,0.0034374345738265033,0.7803468208092486,0.7880539499036608,0.0077071290944122905,0.1810468882322311,0.1878942882962561,-3.782114197534142
FedPer,6,wind_farm_site_1,wind,23.51090198624951,18.23721984332397,22.43079464160875,15.104442596435549,14.794524906249686,2.0518313615823147,72.65743255615234,71.1666283314151,2.051826182524545,106.66159057617188,102.16577983308046,4.21502315763869,0.2892008707820416,0.2243308238108134,22.430792409376245,0.1108169555664062,0.4649802277148087,0.3541632721484025,0.7012066769134471,0.7128530340932645,0.011646357179817435,0.838353030880671,0.8734273732367518,0.03507434235608076,0.6998332142829895,0.5920506441057035,15.40117959215669
FedPer,6,wind_farm_site_2,wind,57.59048586789314,46.21600399725506,19.750626686376666,46.88043594360352,39.220267496407686,16.339797813337118,67.21734619140625,56.23415826866399,16.33981188645389,107.09181213378906,86.39462888391026,19.32657860343418,0.3208972558163233,0.2575180367732141,19.750626686376673,-0.0382498502731323,0.3313710842241014,0.3696209344972337,0.5804629413813396,0.5865299525750092,0.006067011193669591,0.7521921463972551,0.7647731605032405,0.012581014105985444,0.585911214351654,0.5633677418815681,3.8475919077656893
FedPer,6,wind_farm_site_3,wind,16.731508894674686,15.197306036402685,9.169542734787706,12.017269134521484,10.508438599260968,12.555519214645571,79.73955535888672,69.72783476073889,12.555525990943536,108.23866271972656,105.5331070354152,2.499620391021585,0.1965223788770861,0.1785021783617741,9.169541208628786,0.2802096009254455,0.406160526999653,0.1259509260742075,0.6452255286734969,0.6512757545003491,0.006050225826852218,0.595501334349981,0.5817765916889058,-0.013724742661075151,0.3692769110202789,0.3101465114872525,16.0124821694523
FedPer,6,wind_farm_site_4,wind,18.29504437495686,11.57791109177477,36.715588907654286,13.133384704589844,8.128806824027183,38.105773897064516,68.95547485351562,42.67945629279857,38.10577567123722,135.94432067871094,83.7373463009028,38.40320369189488,0.2977276554391359,0.1884151934037053,36.71558890765429,0.2302841544151306,0.6917352264731715,0.4614510720580409,0.830542175229791,0.838657310583198,0.008115135353407021,0.7948913457872665,0.7960350743423561,0.001143728555089596,0.5304604172706604,0.366662241221412,30.87849172460922
FedPer,6,wind_farm_site_5,wind,8.207815344356304,6.6214133585830615,19.327944394656157,6.182979106903076,4.265990801865944,31.004282432345327,86.26944732666016,59.52221994260319,31.004287395951792,122.7953643798828,114.1673228576892,7.026357685214951,0.2359437731679972,0.190340691887433,19.32794439465618,0.4090973138809204,0.6154416675350628,0.2063443536541424,0.753447522764212,0.7865562453837823,0.03310872261957032,0.757423833397609,0.8037022753567297,0.046278441959120675,0.5914093852043152,0.3302312636203737,44.16198459442977
FedPer,6,wind_farm_site_6,wind,38.15611083359142,13.317346195153856,65.09773689138754,36.03993225097656,10.94214836442974,69.63882093831282,49.50165557861328,15.02928590961844,69.63882170415387,63.86212158203125,16.523271049153763,74.12664872411179,0.839273732069728,0.2929255261684475,65.09773689138756,-8.911197662353516,-0.2073504150435665,8.70384724730995,-0.4466507178020676,0.4357824001164913,0.8824331179185589,0.4084507042253521,0.8591549295774648,0.45070422535211263,0.8363373279571533,0.7562979037110338,9.57023219824765
FedPer,6,solar_station_site_1,solar,9.064851442646264,5.21242615355308,42.498493367129704,5.135500431060791,3.1210934462308133,39.22513515228896,57.575172424316406,34.99123444428986,39.225133037532004,142.98390197753906,132.13312521730566,7.588810075932827,0.2117647954270447,0.1217679478885663,42.49849336712971,0.5510439872741699,0.8515561442720255,0.3005121569978556,0.9248541419303402,0.9228939031768262,-0.001960238753514032,0.7438048036599314,0.7792603888677088,0.03545558520777736,0.4577685296535492,0.1838232582994345,59.84362261893439
FedPer,6,solar_station_site_2,solar,16.173784609476844,12.305636234562714,23.9161610489584,9.197318077087402,7.647299391890637,16.85294204468379,52.56525802612305,43.70646573523813,16.852941702449957,112.19548034667967,98.47752601800286,12.226833279102568,0.1746176855916191,0.1328558391985296,23.91616075519322,0.6313671469688416,0.7866076421502761,0.15524049518143457,0.899826420314509,0.8931150104616257,-0.006711409852883321,0.720548989706443,0.7769729317575296,0.056423942051086584,0.4297447800636291,0.2424949918946706,43.572324052716546
FedPer,6,solar_station_site_3,solar,4.497346519578304,6.4974274785695245,-44.472467271184584,3.155991554260254,4.215871649663834,-33.58310937089974,54.71228790283203,73.08637465270023,-33.58310802593418,117.4785614013672,128.22386315525696,-9.146606517574115,0.1725081452340667,0.2492267720964443,-44.4724663628389,0.66029292345047,0.2909533845081931,-0.3693395389422769,0.8691081624981484,0.8389666043581948,-0.03014155813995356,0.3456953642384106,0.4304635761589404,0.0847682119205298,0.4027761816978454,0.5968063832381243,-48.17320644988796
FedPer,6,solar_station_site_4,solar,17.273288210288833,14.702571266072134,14.88261478023305,9.531865119934082,9.067710034148664,4.869509586478786,74.32244110107422,70.70330936287723,4.869500630738399,131.47503662109375,123.33668727862684,6.190033904247036,0.1828114305851391,0.1556043057196399,14.88261690115065,0.468479573726654,0.6149151086260304,0.14643553489937639,0.7749632513793957,0.7923410018599372,0.017377750480541465,0.2470453678993519,0.2398017537171178,-0.007243614182234098,0.4173604249954223,0.2321555549488589,44.37528307783249
FedPer,6,solar_station_site_5,solar,12.426078421077094,12.285240286503983,1.1334077397598026,6.726398468017578,6.109157100061643,9.176402065544744,59.04448699951172,53.62632462978341,9.176406884139944,107.73099517822266,42.904409355728696,60.17449826324298,0.1527035720607893,0.1509728224901243,1.1334047706336579,0.6327191591262817,0.6409975328558961,0.008278373729614374,0.8146347243456339,0.8245137529889817,0.009879028643347776,0.2447579107891727,0.2642012962256957,0.01944338543652302,0.3534335792064667,0.3408479224167257,3.560968037615006
FedPer,6,solar_station_site_6,solar,6.058376522338785,3.887404004383189,35.834229020772554,4.428603172302246,2.5212941192537586,43.06796023128342,77.123291015625,43.90786213948299,43.06796097356977,141.12734985351562,134.5538000889889,4.657885074260794,0.2183733535905992,0.1401209459446024,35.834229020772575,0.5189768075942993,0.8019509067454991,0.28297409915119975,0.9052195245673168,0.9174872650459,0.012267740478583145,0.7804041174227984,0.7544796035074343,-0.0259245139153641,0.4668761193752289,0.2284725496599188,51.06356050815803
FedPer,6,solar_station_site_7,solar,4.761586563741534,3.6102513841188553,24.179654495622326,2.6498682498931885,2.155902275409117,18.641152234794404,60.059417724609375,48.863647262060674,18.64115718518068,146.80084228515625,138.9430004647344,5.352722571685397,0.1897840324700391,0.1438949091309239,24.17965449562236,0.5692331790924072,0.7523640186992779,0.1831308396068707,0.8790213512260142,0.8792649667757727,0.0002436155497584913,0.7662981319100267,0.7563858177659168,-0.009912314144109868,0.343167245388031,0.2158132247238041,37.11135674391748
FedPer,6,solar_station_site_8,solar,4.704456229655883,2.8003038240246325,40.475504769879294,2.3606090545654297,1.477051064628061,37.429238366622506,62.993900299072266,39.415763767137264,37.42923746584119,144.26837158203125,129.25124469097707,10.409160875927272,0.2082308769138026,0.1239483783961949,40.475504769879315,0.3884450197219848,0.7833159289796428,0.39487090925765794,0.8794221865593264,0.8866885595436885,0.007266372984362168,0.7460500963391137,0.7818882466281311,0.03583815028901738,0.4722581207752228,0.1783103641888314,62.24302847431596
FL+MoE,6,wind_farm_site_1,wind,17.653629506864164,17.732821774903243,-0.44858915844069264,12.79685401916504,12.686420599919469,0.862973189193085,61.55716323852539,61.02593935335388,0.8629765525631768,95.9668197631836,96.55378567342966,-0.611634220759336,0.217152239792187,0.2181263674742942,-0.4485920490801421,0.4986735582351684,0.4941657130991788,-0.004507845135989619,0.7073659086450955,0.7029997210210276,-0.00436618762406793,0.8589401448722837,0.8696149447197865,0.010674799847502858,0.5541597008705139,0.5363043386173832,3.2220607570493094
FL+MoE,6,wind_farm_site_2,wind,44.044954396758094,44.01224975447722,0.07425286898079644,35.99626922607422,36.35743775790348,-1.00334990151604,51.6115837097168,52.12942286302125,-1.0033390105154978,85.36560821533203,85.12845056666636,0.27781404434845647,0.2454208327204697,0.2452386007110982,0.07425286898078433,0.3927147984504699,0.3936163153416143,0.0009015168911443716,0.6283275567452841,0.6310800557240505,0.0027524989787663934,0.7491422035836828,0.7582920320243995,0.009149828440716767,0.5080980658531189,0.5284222757443682,-4.000056535764221
FL+MoE,6,wind_farm_site_3,wind,15.510727154468018,14.84258974074435,4.307582791379351,11.693015098571776,10.460069512426257,10.544291406038763,77.5879898071289,69.40688587166456,10.544291656223136,105.55118560791016,105.94026354656268,-0.36861541290291444,0.1821835088334236,0.1743358062874232,4.307581183528423,0.3814138770103454,0.4335583089998855,0.05214443198954011,0.6305639162320554,0.6601414725857979,0.029577556353742485,0.5741517346549753,0.5764391917651545,0.002287457110179192,0.3335365653038025,0.3147767038713895,5.624529177280914
FL+MoE,6,wind_farm_site_4,wind,11.029208504991736,11.044159514425155,-0.1355583170510613,7.75175666809082,7.882008876347955,-1.6802927882566585,40.69979476928711,41.3836692911941,-1.6802898535082027,90.50861358642578,89.81553746319399,0.7657570873848145,0.1794857843600234,0.1797290922686477,-0.13555831705102805,0.7202615141868591,0.7195026128715811,-0.0007589013152780044,0.849684067073895,0.8505443023529761,0.0008602352790810786,0.8086160884483415,0.7865040030499428,-0.022112085398398706,0.3586047887802124,0.3360349767993577,6.293784323858453
FL+MoE,6,wind_farm_site_5,wind,7.067171695344919,6.589717981273052,6.755937660130157,4.744744777679443,4.351757228828077,8.282585623995752,66.2021484375,60.71889578332426,8.28259019320553,116.11415100097656,113.6348719297576,2.1352083702511995,0.2031545649442874,0.1894295691829427,6.755937660130161,0.5619213581085205,0.6191144631466945,0.057193105038173986,0.7596958397641544,0.7872547763345569,0.027558936570402426,0.7790204396451986,0.783262630158118,0.004242190512919408,0.3835102319717407,0.3211086278289712,16.2711706078725
FL+MoE,6,wind_farm_site_6,wind,11.91330363874216,11.750071246453846,1.3701689912232362,9.958396911621094,10.498358185826763,-5.422170646517956,13.678081512451172,14.41973015731418,-5.422168629335081,15.044276237487791,15.504554138909896,-3.059488500185671,0.262042503487138,0.2584520783605322,1.37016899122322,0.0338103771209716,0.0601058290382412,0.026295451917269598,0.5899813575945234,0.5870968778359296,-0.0028844797585938498,0.8450704225352113,0.8028169014084507,-0.04225352112676051,0.7114270329475403,0.6553808196455194,7.877998825798575
FL+MoE,6,solar_station_site_1,solar,4.969068984822784,4.858725245370457,2.2206119454037427,2.3355581760406494,2.414767596444925,-3.391455679282419,26.184431076049805,27.07246692588454,-3.3914651315338253,128.65069580078125,128.43258354588244,0.16953834065271203,0.1160828595693658,0.1135051097232022,2.220611945403754,0.8650936484336853,0.871018602595201,0.0059249541615157275,0.9332188410838042,0.933472552690775,0.00025371160697085227,0.8482653450247808,0.8463591307662981,-0.0019062142584826969,0.1578713208436966,0.1812877711843383,-14.832618245986302
FL+MoE,6,solar_station_site_2,solar,10.439642223790152,10.359422731433188,0.7684122754145466,5.359535217285156,5.386431506570401,-0.5018399580340593,30.63124656677246,30.78497022449165,-0.5018524381111662,80.09732055664062,116.28178938770156,-45.175629571120524,0.1127099320003709,0.1118438554791058,0.7684118922742709,0.8464174270629883,0.8487686505574001,0.002351223494411858,0.9237740899712944,0.9254000414715622,0.001625951500267786,0.8135722455203965,0.8166221883339687,0.0030499428135721818,0.1641533970832824,0.1672851898867258,-1.9078452588188097
FL+MoE,6,solar_station_site_3,solar,4.147164876963976,3.819480377905219,7.901409969951466,2.8375205993652344,2.2709820567922714,19.965971091089173,49.19127655029297,39.36975772151756,19.965976729093274,109.1653823852539,96.42903384656412,11.667021413200503,0.1590759613008436,0.1465067165136869,7.9014105490054485,0.7111352682113647,0.7549805993331289,0.04384533112176414,0.8547418214150584,0.8750303919914826,0.020288570576424192,0.3536423841059603,0.3682119205298013,0.014569536423841012,0.199893906712532,0.2066224469659539,-3.366055706289353
FL+MoE,6,solar_station_site_4,solar,14.537290831067226,14.418288403409017,0.8186011344279683,7.594870090484619,7.632136159606728,-0.49067421401714617,59.21918869018555,59.5097639823172,-0.4906775971752101,92.44563293457033,93.6324559444454,-1.2838064624589247,0.1538550680857995,0.1525956049507639,0.8186036057864695,0.6235243678092957,0.629662824595504,0.0061384567862083905,0.7923870119915594,0.7951557613221559,0.002768749330596565,0.2378955394586351,0.2417079679756004,0.0038124285169653105,0.2125392258167266,0.2086995135058277,1.806589958227246
FL+MoE,6,solar_station_site_5,solar,11.677792357744076,11.505376817478547,1.4764395100003005,6.014822959899902,6.000428003130384,0.23932469609641902,52.79825973510742,52.67189806107066,0.23932924052938606,85.10037994384766,80.09875188683809,5.877327528161244,0.14350791507858,0.1413891117665292,1.4764365511760051,0.6756218671798706,0.6851296139208989,0.009507746741028278,0.828161956885695,0.8283158019664475,0.00015384508075244607,0.2661075104841784,0.2565764391917651,-0.009531071292413318,0.1828058063983917,0.2013887707613083,-10.16541253750903
FL+MoE,6,solar_station_site_6,solar,3.292896781306895,3.272729845647389,0.6124375283789517,1.640779733657837,1.7187934366603428,-4.7546725134511325,28.57386779785156,29.93246392272051,-4.754680516059155,126.99495697021484,125.800035730075,0.9409202291553223,0.1186920143557009,0.1179650999165977,0.6124375283789081,0.8578948974609375,0.8596301560617143,0.0017352586007768345,0.9269155839496968,0.9275144160524672,0.0005988321027704524,0.8494090735798704,0.8398780022874571,-0.009531071292413262,0.1939201354980468,0.1963951337082616,-1.276297690210579
FL+MoE,6,solar_station_site_7,solar,3.7405881390711366,3.933862421917158,-5.166949037431727,1.894569754600525,2.0341157754541848,-7.365578412449823,42.940528869628906,46.10334933809772,-7.365583405065661,135.66802978515625,136.29628105994837,-0.4630798249130752,0.1490897815968078,0.1567931746319331,-5.166949037431707,0.7341610193252563,0.7059797815190638,-0.028181237806192527,0.8712277377935603,0.8572856247855896,-0.013942113007970769,0.8093785741517346,0.7998475028593214,-0.009531071292413262,0.1932278424501419,0.1906034090461175,1.3582066490762492
FL+MoE,6,solar_station_site_8,solar,2.828561991446029,2.8096107364420027,0.6699960991251933,1.4281085729599,1.4429835186188646,-1.041583668119498,38.10971450805664,38.50665616904437,-1.0415760551126996,126.70873260498048,127.58956264818084,-0.6951612766472731,0.1251991548291951,0.1243603253757018,0.669996099125188,0.7789207100868225,0.7818732206027381,0.0029525105159156073,0.892774590012217,0.8914602351433117,-0.0013143548689052986,0.7734104046242775,0.7699421965317919,-0.003468208092485603,0.1358440518379211,0.1398612673013274,-2.9572258844276402
Local,24,wind_farm_site_1,wind,23.89795990859824,24.420381550541133,-2.186051210818765,18.829463958740234,21.08091274812832,-11.95705196027639,90.51075744628906,101.33318085237492,-11.95705760446001,112.15330505371094,113.92102596969632,-1.576164799725524,0.2939619594145325,0.3003881270320203,-2.1860541514576926,0.0815637111663818,0.0409698733638778,-0.040593837802503994,0.2893089867250985,0.3060264123571355,0.016717425632036986,0.8599771079740557,0.876001526135063,0.016024418161007303,0.6735133528709412,0.7524337371449328,-11.717716350772093
Local,24,wind_farm_site_2,wind,55.44634890975127,54.73937542135665,1.2750586869937066,50.83186340332031,49.94586240779034,1.7430031799151056,72.91202545166016,71.64116935758399,1.7429993011492035,95.3856964111328,96.03964235501584,-0.6855807196336835,0.3089500104407521,0.3050107164941593,1.27505868699372,0.0380272269248962,0.0624022947217066,0.024375067796810403,0.1977330097910775,0.2632458514249464,0.06551284163386889,0.6009156810377718,0.6512781381152232,0.05036245707745135,0.6315194368362427,0.6197118446165755,1.8697116083742957
Local,24,wind_farm_site_3,wind,19.960468897386043,19.962221086082582,-0.008778294265263966,15.331067085266112,14.89450817027442,2.8475442222234166,101.65139770507812,98.75682004985929,2.84755322658415,116.9378662109375,116.79345593044256,0.12349317220689206,0.234448599699511,0.2344691842271105,-0.0087799746408658,-0.0240991115570068,-0.0242789229382998,-0.00017981138129299912,0.0988791182375838,0.0990881131675837,0.00020899492999990055,0.5650515070583747,0.5501716901945822,-0.014879816863792472,0.4062938094139099,0.4103922907307059,-1.0087481575729984
Local,24,wind_farm_site_4,wind,18.33632029851801,18.652240457730453,-1.7229201610203984,15.073856353759766,14.731897869695302,2.2685534214950303,79.08519744873047,77.29110740287905,2.268553539383266,109.8069076538086,110.21813302372875,-0.37449863465479083,0.2983993665154298,0.3035405493614813,-1.7229201610203921,0.2269338965415954,0.2000657731480725,-0.026868123393522902,0.4816689818645958,0.4772448263897638,-0.004424155474831992,0.8046547119420069,0.78634109118657,-0.018313620755436855,0.7130013704299927,0.6915381185700037,3.0102679672333665
Local,24,wind_farm_site_5,wind,11.339031656892736,10.47981758814327,7.577490695399636,7.434814929962158,8.038071178869187,-8.11393766475501,103.6559600830078,112.06653637306457,-8.113934098262723,136.41404724121094,131.93574798202894,3.2828725118486863,0.3259544471889498,0.3012552792819659,7.577490695399608,-0.1272721290588379,0.0370932460720717,0.1643653751309096,0.0150331836688475,0.2194964613420877,0.20446327767324018,0.781551524507912,0.8247780779621767,0.04322655345426474,0.7621241807937622,0.7739325601477851,-1.5494035816740943
Local,24,wind_farm_site_6,wind,18.546698938191295,19.72327629190391,-6.343863981583336,16.42017364501953,17.411301668952493,-6.036038627603583,22.575437545776367,23.93810278599764,-6.036052401900014,24.22745132446289,25.918556662450776,-6.980120671134507,0.4079492614778202,0.4338290077398467,-6.343863981583296,-1.2456247806549072,-1.5395810669283183,-0.2939562862734111,-0.1221993667817881,-0.1917447133629318,-0.06954534658114371,0.5441176470588235,0.6176470588235294,0.07352941176470595,0.846055805683136,0.8763408508096799,-3.579556445699313
Local,24,solar_station_site_1,solar,5.165325154707825,5.057972977555526,2.0783237054197015,2.5637173652648926,2.6567891764909017,-3.6303460157899523,28.74709892272949,29.790720059654703,-3.6303528913662086,128.34725952148438,128.84623879319173,-0.38877282893900056,0.1206676172931911,0.1181597535982215,2.078323705419769,0.854320764541626,0.8603132083531415,0.005992443811515535,0.925238222609,0.928130484494869,0.0028922618858689964,0.848912628767646,0.840518885921404,-0.008393742846241947,0.1872784495353698,0.1770549082071647,5.459005749764197
Local,24,solar_station_site_2,solar,10.3807647499803,10.473081771469204,-0.8893084826826426,5.719695091247559,5.615762547139275,1.8170993811772203,32.73793029785156,32.14305104371377,1.8170948765714525,92.66324615478516,94.5953951314411,-2.085129818815614,0.1120742707461624,0.1130709571793879,-0.8893088722235758,0.8480523228645325,0.8453377428298902,-0.002714580034642311,0.922179150239192,0.9278004834722724,0.00562133323308045,0.8096146508966043,0.8325066768409004,0.02289202594429607,0.2016127556562423,0.1777598367689435,11.83105642778325
Local,24,solar_station_site_3,solar,4.969805719274055,4.22228007867128,15.041345332750087,3.1741039752960205,2.627153155327813,17.23166046938327,55.42965698242188,45.87820743025793,17.231659137261037,115.82005310058594,101.78911752174815,12.114426822661164,0.1906306225400688,0.1619572112755678,15.04134586691291,0.5836981534957886,0.6995144670122275,0.11581631351643895,0.8671276230219979,0.8630294834052396,-0.004098139616758312,0.3922872340425531,0.3710106382978723,-0.021276595744680826,0.3227403461933136,0.1946000967823722,39.703821019696285
Local,24,solar_station_site_4,solar,14.956814971340458,14.640723182741835,2.1133629666764153,8.069807052612305,7.734922857968148,4.149841408361183,62.89049911499024,60.280642065018775,4.149843118909825,114.043212890625,113.02035259008028,0.8969058961235266,0.158295091740512,0.1549497380326321,2.1133654057725595,0.6017418503761292,0.618397274012534,0.01665542363640482,0.7777770804761577,0.7873719367913806,0.009594856315222944,0.2468523464326593,0.2590614269362838,0.012209080503624514,0.2542903125286102,0.23106929887573,9.13169417347253
Local,24,solar_station_site_5,solar,12.474070396265068,12.13235589808154,2.7393985068886777,6.947744846343994,6.503322170527203,6.396646475160253,60.95456314086914,57.05551828564999,6.396641456043674,100.76085662841795,111.77168841279128,-10.927687747811285,0.1532933434909314,0.1490940324057196,2.739395585993085,0.6301116943359375,0.6500995147037067,0.01998782036776925,0.8075065186522424,0.8096631989817324,0.0021566803294900128,0.2605875619992369,0.2647844334223578,0.004196871423120918,0.1949475109577179,0.2142597522439497,-9.906380025760074
Local,24,solar_station_site_6,solar,3.5966055761693174,3.5491173606968838,1.3203620599124057,1.9186042547225952,1.8325174968163904,4.486947096792079,33.39813232421875,31.899575914938755,4.486946739214256,127.32245635986328,127.84344135155656,-0.4091854701740706,0.1296391563506761,0.1279274501154312,1.3203620599124541,0.8305798768997192,0.8350242136887995,0.004444336789080294,0.9114895775883828,0.915473474818968,0.003983897230585232,0.829072872949256,0.8351774132010683,0.006104540251812285,0.2052984684705734,0.195866688051016,4.594179630185259
Local,24,solar_station_site_7,solar,4.3450820307566005,3.924011467576221,9.690739097670368,2.3170862197875977,2.0245028203380206,12.627212442547672,52.500247955322266,45.87092935279325,12.62721389081928,137.62738037109375,136.91575719276844,0.5170651191692488,0.173183282120597,0.1564005420895076,9.690739097670328,0.6415391564369202,0.7076478375401365,0.06610868110321633,0.8243845438884196,0.8652503500970462,0.040865806208626565,0.784814956123617,0.7993132392216711,0.014498283098054121,0.2133543789386749,0.1951912214726955,8.513140230039571
Local,24,solar_station_site_8,solar,2.938719962813133,2.594489831014533,11.7136078345172,1.5423580408096311,1.365164674964729,11.488471623092641,41.12678527832031,36.401948667783095,11.488465676474549,127.7197494506836,126.09348105913304,1.2733100390073222,0.1300750192983382,0.1148385416470582,11.713607834517274,0.761478066444397,0.8140844224295082,0.05260635598511121,0.8810595622118432,0.9060129775059836,0.024953415294140413,0.7956035480138836,0.7971461627458543,0.001542614731970704,0.1556526273488998,0.1317813531956722,15.336248773828585
FedAvg,24,wind_farm_site_1,wind,24.087917784713667,26.07757840082894,-8.25999421742432,19.437864303588867,23.503036646504857,-20.913677960831453,93.4352569580078,112.97601254441544,-20.9136852860476,113.45596313476562,115.28887590086774,-1.6155279241911114,0.296298576836383,0.3207728313803553,-8.259997332854907,0.0669049620628357,-0.0936085055199271,-0.1605134675827628,0.2843741742059473,0.2904502178624256,0.006076043656478292,0.7821442197634491,0.7325448302174743,-0.04959938954597476,0.7836753129959106,0.8027323011179731,-2.431745367760731
FedAvg,24,wind_farm_site_2,wind,62.679172864177936,55.03788356988508,12.191113802428562,54.03570938110352,50.40477682975364,6.719505661971814,77.50755310058594,72.29942540202026,6.719509893192982,111.7574234008789,92.88463379481668,16.887280532913397,0.349251690897177,0.3066740198029961,12.191113802428575,-0.2293156385421753,0.0521484807574151,0.28146411929959037,0.2396375412230588,0.2551434355213168,0.015505894298257994,0.5761159862647844,0.6314383822968332,0.055322396032048804,0.6455122232437134,0.6421534790963519,0.5203223155843149
FedAvg,24,wind_farm_site_3,wind,20.580307875870687,19.765755144698296,3.95792296250053,17.56485366821289,14.240977727522496,18.923447945971855,116.46232604980467,94.4236398203326,18.923446729071266,117.06458282470705,116.08394486001944,0.8376897102653272,0.2417290088568295,0.232161564809104,3.957921348774517,-0.088690161705017,-0.0042164608226291,0.08447370088238791,0.1235406793765859,0.1395383788199128,0.015997699443326893,0.5917588706600534,0.5940480732544831,0.0022892025944296623,0.40321084856987,0.4103789816215494,-1.777762943904839
FedAvg,24,wind_farm_site_4,wind,19.878290251926693,19.946712994914478,-0.34420839076516263,16.610931396484375,16.038977386186147,3.443238651983592,87.14948272705078,84.14871829502452,3.4432383740297703,117.52654266357422,117.9541154738758,-0.3638095706818611,0.3234928885412293,0.3246063782071168,-0.3442083907651542,0.0914469361305236,0.0851814846317179,-0.006265451498805696,0.4924669002953526,0.4983625341248153,0.0058956338294626764,0.8317436093094239,0.833269744372377,0.0015261350629530712,0.7596231698989868,0.7417954706234359,2.346913572675994
FedAvg,24,wind_farm_site_5,wind,10.636311691738287,10.343299885285816,2.7548253092288246,9.274823188781738,8.200199343931109,11.586461789917774,129.30929565429688,114.3269221674544,11.58646283782818,133.2176055908203,132.26854618632663,0.7124128978933386,0.3057538952633963,0.2973309095727273,2.754825309228819,0.0081204771995544,0.0620168882323582,0.0538964110328038,0.30664817976632,0.3609069190372644,0.054258739270944434,0.7738324971053647,0.8066383635661907,0.03280586646082595,0.7878734469413757,0.7814612341505228,0.81386329438388
FedAvg,24,wind_farm_site_6,wind,22.550303874537576,23.78428219246019,-5.472113922668448,20.70589256286621,21.76947088802562,-5.136597333006652,28.467702865600582,29.92997546206391,-5.136602006023781,31.732934951782227,33.66204957871638,-6.079219050697375,0.496011707656218,0.5231540333689394,-5.472113922668444,-2.3197758197784424,-2.693040424747546,-0.3732646049691035,0.7293038055975793,0.6680013422927573,-0.06130246330482203,0.4852941176470588,0.4264705882352941,-0.05882352941176472,0.790336549282074,0.7990678573220593,-1.1047582258364097
FedAvg,24,solar_station_site_1,solar,5.330835989543489,5.34265002213528,-0.22161688363634158,3.0160279273986816,2.92764505279531,2.9304395294377046,33.81888198852539,32.82784158171489,2.930435154972758,132.19802856445312,131.30513032422513,0.6754247774524569,0.1245341305285919,0.1248101191877329,-0.22161688363627519,0.8448352813720703,0.8441467779911003,-0.0006885033809700403,0.9203434760478256,0.9220766041512196,0.0017331281033939883,0.8111407859595574,0.8576879053796261,0.04654711942006873,0.2520852386951446,0.2203585281446443,12.585707403862912
FedAvg,24,solar_station_site_2,solar,10.97024013037392,10.364324829349174,5.523263792076112,6.514935493469238,5.583228158061294,14.301098396782516,37.28966522216797,31.956833318154427,14.301098902983123,101.114501953125,79.99046671071267,20.891202383813436,0.1184384476610238,0.111896780197507,5.5232634272946095,0.8303055763244629,0.8485332221375361,0.018227645813073234,0.911555088830006,0.9243281111041076,0.012773022274101598,0.7748950782144219,0.8256390690576116,0.0507439908431897,0.2533164322376251,0.1909185173135822,24.632399237926325
FedAvg,24,solar_station_site_3,solar,3.863364809866365,3.830052518964214,0.8622610740015283,2.539237260818481,2.2971450417150563,9.534052718862132,44.342918395996094,40.11524661493956,9.534040460084535,113.21273040771484,97.65878258367836,13.73869154822236,0.1481900260100705,0.1469122401765477,0.8622616973128648,0.7484288215637207,0.7527484917351188,0.004319670171398116,0.8750048713935846,0.8701121506419859,-0.004892720751598745,0.3696808510638298,0.3789893617021276,0.009308510638297796,0.2135096341371536,0.1963937672003172,8.016437762167472
FedAvg,24,solar_station_site_4,solar,15.63208481955187,14.811355461732855,5.250287260420222,8.711122512817383,7.974299059692718,8.458421426636084,67.88846588134766,62.14617471479532,8.458419397174842,110.41081237792967,96.86468605941825,12.268840366959568,0.1654417939479705,0.1567556206109418,5.250289621351906,0.5649689435958862,0.6094505600521775,0.04448161645629123,0.78599877220449,0.794710155928563,0.008711383724072985,0.2323540633346051,0.2346432659290347,0.002289202594429607,0.2250904887914657,0.2245447344025226,0.24245999547707303
FedAvg,24,solar_station_site_5,solar,12.734745249602192,12.72822340201041,0.051213019687101416,6.858199119567871,6.715241806407564,2.084473061629553,60.16895294189453,58.91475028169917,2.084468149888782,106.44353485107422,112.32983083813896,-5.529970416052317,0.1564967661559198,0.1564166241337066,0.05121001806090642,0.6144907474517822,0.6148855270778824,0.00039477962610012796,0.8122496889131973,0.8140511522725091,0.0018014633593118612,0.2575352918733308,0.2552460892789012,-0.002289202594429607,0.2136769890785217,0.210487119781777,1.4928464269835289
FedAvg,24,solar_station_site_6,solar,3.6044731377341366,3.529132194494677,2.090206816933607,2.040123224258423,1.934777613687369,5.163688610492962,35.51347732543945,33.67967043892742,5.163692841755097,129.39259338378906,127.40045540184164,1.5396074302634755,0.1299227415318142,0.1272070875315692,2.0902068169336063,0.8298377990722656,0.8368769478974146,0.007039148825149,0.9120209160788304,0.9172672781074894,0.005246362028659024,0.780618084700496,0.803510110644792,0.02289202594429607,0.1989486813545227,0.2015879713376371,-1.3266184853023584
FedAvg,24,solar_station_site_7,solar,3.762470871315168,3.4165954057517336,9.192774572698125,2.142890453338623,1.931105226484917,9.88315695390517,48.55333709716797,43.75473846072955,9.883148972510716,138.58847045898438,137.88932869483193,0.5044732522387975,0.149961968442755,0.1361763027390318,9.192774572698143,0.7312229871749878,0.7783677885438411,0.04714480136885335,0.8561008885204736,0.8842523386049499,0.02815145008447628,0.7329263639832125,0.7558183899275086,0.02289202594429607,0.1658973097801208,0.1950886099814116,-17.596005770063876
FedAvg,24,solar_station_site_8,solar,2.794327497426226,2.6360280947204404,5.6650268392516825,1.5540848970413208,1.3606934256117829,12.44407379530669,41.43947982788086,36.282723352030615,12.444066617797484,128.69322204589844,127.15472881406096,1.1954733958628951,0.1236838513887026,0.1166771280117125,5.665026839251627,0.78434157371521,0.8080836816232961,0.023742107908086174,0.89097187074114,0.9009674009993536,0.009995530258213536,0.7909757038179714,0.798688777477825,0.00771307365985352,0.180489495396614,0.1483499907968161,17.806856032908403
FedPer,24,wind_farm_site_1,wind,25.956463088684075,25.586336663083145,1.4259509253488745,18.33304977416992,22.91009987789203,-24.966113985960366,88.12455749511719,110.12584331665272,-24.966123458554197,117.59400177001952,114.91536730305316,2.277866580478319,0.3192830173874084,0.314730207303577,1.4259480886536355,-0.083473801612854,-0.0527944329401219,0.030679368672732105,0.2715289914770896,0.3041010883666287,0.032572096889539104,0.8668447157573446,0.8130484547882487,-0.053796260969095844,0.7784082889556885,0.7930047479215139,-1.8751674632612132
FedPer,24,wind_farm_site_2,wind,66.60387138593184,60.39783330016285,9.31783386855773,56.31451416015625,49.67013378033106,11.798699640609238,80.77621459960938,71.24567070475736,11.7987008206474,118.29714965820312,104.09702891667092,12.003772519084967,0.3711203201778225,0.3365399452911934,9.317833868557742,-0.3880841732025146,-0.1414570595251811,0.2466271136773335,0.2300462839361263,0.2147285580257,-0.015317725910426294,0.5509347577260587,0.6970621900038153,0.1461274322777566,0.6688215732574463,0.666055425615831,0.4135852897422244
FedPer,24,wind_farm_site_3,wind,19.447836724722997,19.389568833909745,0.2996111682652014,15.10955047607422,14.679969077682868,2.8431117065434157,100.1826400756836,97.33433611695524,2.8431112981017295,114.95305633544922,114.63493853715084,0.2767371381323359,0.2284274037216194,0.2277430135352934,0.2996094930711868,0.0278279185295104,0.0336447346953217,0.005816816165811298,0.2020861843223722,0.1886174194191877,-0.013468764903184494,0.5734452499046165,0.5795497901564288,0.006104540251812285,0.4491468966007232,0.4298811724612728,4.289403819832474
FedPer,24,wind_farm_site_4,wind,22.37105453058811,19.7097433529294,11.896225875359963,16.706647872924805,15.610972663528871,6.558318686848072,87.65166473388672,81.90318555508522,6.558322875274612,125.6240005493164,116.46580714795154,7.290162199355866,0.3640593309634299,0.320750010631696,11.89622587535996,-0.1507081985473632,0.1067887041523704,0.2574969026997336,0.5324756703511799,0.5037472062116228,-0.028728464139557097,0.7794734834032812,0.8084700495993895,0.028996566196108353,0.7844322919845581,0.7597194350490025,3.150413004165574
FedPer,24,wind_farm_site_5,wind,10.910556238192342,10.472836731967782,4.011889922645059,7.397385120391846,8.586958472023069,-16.080997977947785,103.13411712646484,119.71910580597122,-16.080991568648013,133.29640197753906,132.54417931821868,0.5643233036756187,0.3136373929234172,0.3010546059630759,4.011889922645059,-0.0436878204345703,0.0383756490699626,0.0820634695045329,0.1114558531739577,0.2579860379131149,0.14653018473915722,0.6086453106908529,0.6360478579698958,0.0274025472790429,0.7959380149841309,0.7950740656941073,0.10854479541861824
FedPer,24,wind_farm_site_6,wind,38.57711717749996,21.95470879912486,43.088777997310004,36.463897705078125,19.4193512692171,46.74362179742328,50.13274383544922,26.698889925550283,46.74360930017298,64.90665435791016,29.651802036747,54.31623717155383,0.848534098437206,0.4829111245301223,43.088777997310004,-8.715462684631348,-2.14672887866579,6.568733805965557,-0.6364521211217805,-0.1730146488274803,0.4634374722943002,0.4558823529411764,0.8676470588235294,0.41176470588235303,0.8364028930664062,0.9723279309355876,-16.25114391592492
FedPer,24,solar_station_site_1,solar,9.077557701992744,5.316530128265329,41.43215275736311,6.102491855621338,2.9400683989741543,51.82183821735219,68.42756652832031,32.96714523120768,51.82183598833158,143.1185302734375,131.87003809632577,7.8595637864787555,0.2120616274742299,0.1241999300393566,41.43215275736314,0.5500747561454773,0.8456669668424248,0.2955922106969475,0.9052094591193208,0.9200642248213092,0.014854765701988404,0.7169019458222052,0.8420450209843571,0.12514307516215184,0.5084934830665588,0.2059509361854621,59.49782189076662
FedPer,24,solar_station_site_2,solar,17.34283235888866,10.505764150645208,39.42301964730274,10.47478485107422,5.728390717922087,45.3125691900524,59.95473098754883,32.78770313005887,45.31256734874167,123.7642059326172,95.34922504925711,22.958965129894242,0.1872391231386958,0.1134238072742279,39.42301941341064,0.5758930444717407,0.8443709562509395,0.2684779117791988,0.9072444156442436,0.9232723827582848,0.016027967114041197,0.7710797405570393,0.8126669210225105,0.04158718046547116,0.4722484946250915,0.1881944340059805,60.14927815590302
FedPer,24,solar_station_site_3,solar,6.372195655496136,4.460961887529557,29.99333151859681,3.945298194885254,2.352430971422384,40.37381066728715,68.89708709716797,41.08070968508591,40.37380763696389,125.92861938476562,110.0221598512226,12.63133004336529,0.2444231612602732,0.1711125111194046,29.99333195875165,0.3156036734580993,0.6645818827893977,0.34897820933129836,0.8602801722225037,0.8184184700006382,-0.04186170222186558,0.3962765957446808,0.3896276595744681,-0.006648936170212727,0.5744646787643433,0.2294977391899049,60.05015666349621
FedPer,24,solar_station_site_4,solar,16.55935719739796,14.568103661434806,12.024944641426352,9.224239349365234,7.883093111879077,14.539369444901146,71.88734436035156,61.43537860275769,14.539368299934734,145.3314971923828,100.98314147706824,30.51530918766244,0.1752555588705726,0.1541811710935451,12.024946833550128,0.5118274092674255,0.6221734646025041,0.11034605533507857,0.7737865678957484,0.7964069678078579,0.022620399912109512,0.2216711178939336,0.2426554750095383,0.0209843571156047,0.4388766586780548,0.2163461089587947,50.70457617626484
FedPer,24,solar_station_site_5,solar,13.927412137144884,12.302945648818548,11.663807118867604,7.630287170410156,5.91339243039994,22.501050113398644,66.94270324707031,51.87989478238578,22.501046020043624,144.0706024169922,42.16442280843676,70.73350003326996,0.1711534010036021,0.1511904029736559,11.663804465986658,0.5389000177383423,0.6401906271757114,0.10129060943736912,0.80447223650104,0.8015317434881241,-0.00294049301291599,0.252193819152995,0.273559710034338,0.021365890881342997,0.4451586306095123,0.2279428677994549,48.795136806096515
FedPer,24,solar_station_site_6,solar,5.453498893096244,3.5252746827954846,35.35756122994284,3.226879119873047,1.9781829256504215,38.69671431236482,56.17194747924805,34.435249060404416,38.69671498727003,137.50198364257812,127.90950674815672,6.976246189550282,0.1965706221290306,0.127068044049679,35.35756122994285,0.6104798913002014,0.8372333557322229,0.2267534644320215,0.914873891470196,0.9192923594550652,0.004418467984869112,0.7752766119801603,0.8012209080503625,0.02594429607020221,0.383266806602478,0.1990239583559167,48.0716944626141
FedPer,24,solar_station_site_7,solar,4.982901328423402,3.46531729177376,30.455831585366916,3.513378620147705,1.965211832147162,44.06490035325191,79.6056900024414,44.52752162659108,44.064900856678115,146.3943634033203,138.04790422013292,5.7013528315927555,0.1986050436864095,0.1381182260612322,30.455831585366933,0.528577446937561,0.772001606912214,0.24342415997465294,0.846889421070347,0.8793487918584701,0.03245937078812311,0.7665013353681801,0.7661198016024419,-0.00038153376573824005,0.4118817746639251,0.1963267451476387,52.33419946589491
FedPer,24,solar_station_site_8,solar,4.608199457818856,2.6335446387988117,42.85089734277005,2.33101487159729,1.3275584318569875,43.048049670000616,62.15621948242188,35.399182806418025,43.048043942844515,143.49122619628906,84.17254870274486,41.33958505058638,0.2039703139432801,0.1165672041057193,42.850897342770075,0.413491427898407,0.8084451278488365,0.3949536999504295,0.8780796497473995,0.9016252429104448,0.023545593163045275,0.7531816428846896,0.798688777477825,0.04550713459313538,0.4854925870895386,0.1466241710857172,69.7988857121982
FL+MoE,24,wind_farm_site_1,wind,23.919177979088506,24.26940783606011,-1.4642219614645455,18.96753692626953,20.744977998737188,-9.370964081298021,91.1744613647461,99.71838660122604,-9.370963215565077,112.8056640625,114.01536410938134,-1.0723752720529203,0.2942229568218497,0.2985310425622235,-1.464224881331186,0.079932153224945,0.0527912103038028,-0.0271409429211422,0.2875707788717587,0.2793649635365336,-0.008205815335225075,0.8679893170545593,0.866081648225868,-0.0019076688286913113,0.7078971862792969,0.74080910968127,-4.649251902660892
FL+MoE,24,wind_farm_site_2,wind,55.99078511307128,54.85673388145262,2.0254247718235945,50.53394317626953,49.4659237906067,2.1134693208828508,72.48470306396484,70.95275670241408,2.113475391075114,97.73065185546876,97.25245012896904,0.48930577809602566,0.3119836379745293,0.3056646440869567,2.0254247718236145,0.01904296875,0.0583776606515235,0.0393346919015235,0.1965343546389763,0.2702988131340643,0.07376445849508798,0.6131247615413964,0.6489889355207936,0.03586417397939723,0.6075609922409058,0.5932080392650874,2.362388823363971
FL+MoE,24,wind_farm_site_3,wind,19.783833170840293,19.77752412336526,0.03188991445970546,16.01565170288086,15.07938389108541,5.845955126677959,106.1904754638672,99.9826234186578,5.845959365086105,114.82176971435548,115.9171970827314,-0.9540241115435166,0.2323738990019246,0.2322997990674728,0.031888234767354036,-0.0060542821884155,-0.0054126833347154,0.0006415988537000995,0.2232255591789879,0.164485878487254,-0.05873968069173391,0.5085845097291111,0.5307134681419305,0.022128958412819477,0.4196760952472687,0.4063779373148546,3.16867176448993
FL+MoE,24,wind_farm_site_4,wind,18.332722509207663,17.896997545504963,2.376760808351603,14.44643783569336,13.873215615872398,3.967913933805046,75.79344177246094,72.78601899592655,3.967919527342419,112.14472198486328,109.79496391348276,2.0952908258113823,0.2983408172518051,0.2912499696320483,2.376760808351613,0.2272372245788574,0.2635341297852467,0.03629690520638931,0.5324464535287289,0.5381867220384425,0.005740268509713653,0.8080885158336513,0.8176268599771079,0.009538344143456667,0.6658292412757874,0.6944729168694733,-4.301955188811198
FL+MoE,24,wind_farm_site_5,wind,10.500477734551348,10.50455592773616,-0.03883816801394512,7.877107620239258,7.87406840107588,0.0385829331005782,109.82239532470705,109.78001478674504,0.038590068844063,131.86715698242188,131.05207156404154,0.6181110118943316,0.3018491806665866,0.3019664133585227,-0.038838168013971955,0.0332928299903869,0.0325418635117856,-0.0007509664786013032,0.2067506643020386,0.1910972304717691,-0.015653433830269486,0.7931300656117329,0.7495175607873408,-0.04361250482439216,0.7493829727172852,0.7361666378241424,1.7636289286397784
FL+MoE,24,wind_farm_site_6,wind,16.998600621689512,16.322250281947188,3.9788589354780726,15.471243858337402,14.915273890775794,3.5935699330470987,21.27079200744629,20.506413952689755,3.593557092227443,22.705211639404297,21.83125781200368,3.8491331474043253,0.3738976188099444,0.3590207599943852,3.97885893547806,-0.8863848447799683,-0.7392580794574377,0.14712676532253055,0.8199131863665072,0.8145718994390853,-0.005341286927421973,0.4411764705882353,0.4264705882352941,-0.01470588235294118,0.7611148953437805,0.8053248394560188,-5.808576915613979
FL+MoE,24,solar_station_site_1,solar,5.108335990137568,5.120349277895141,-0.23517027424911832,2.508462905883789,2.449595124859391,2.346767053493972,28.12752723693848,27.467442004776228,2.3467588409101086,128.6419219970703,128.5694517554002,0.056334856122382995,0.1193362883846992,0.1196169318613722,-0.23517027424910814,0.8575176000595093,0.8568466529767398,-0.0006709470827694908,0.9263923179056588,0.9274680347640504,0.0010757168583915844,0.8412819534528806,0.850438763830599,0.009156810377718427,0.1914169043302536,0.1881010533767494,1.7322665232237424
FL+MoE,24,solar_station_site_2,solar,10.402831103045752,10.196134036339192,1.9869309100485482,5.345359802246094,5.157492207641707,3.5145921239098965,30.59534072875977,29.52004004731861,3.5145896591711168,66.0959701538086,74.19249662243053,-12.249652209931881,0.112312506607142,0.1100809351225448,1.9869305316130224,0.8474056720733643,0.853409297131394,0.00600362505802976,0.9211408523685436,0.9255829397721056,0.004442087403562001,0.8302174742464709,0.8267836703548264,-0.0034338038916444935,0.2063890397548675,0.1774081020607721,14.041897635899977
FL+MoE,24,solar_station_site_3,solar,3.7202694136981593,3.7076640773187,0.33882858948456457,2.197736978530884,2.321809948458633,-5.645487660251682,38.3792724609375,40.54597205838581,-5.645494191307504,91.29090881347656,102.15286251674468,-11.898176767481855,0.142701206930409,0.14221769354962,0.33882921608700695,0.7667195796966553,0.7682977508555844,0.0015781711589291092,0.8761846281997232,0.8769000969611468,0.0007154687614235877,0.3856382978723404,0.3829787234042553,-0.0026595744680850686,0.2079225331544876,0.2057099825077516,1.0641225908363035
FL+MoE,24,solar_station_site_4,solar,15.147453350896251,14.643903252584543,3.3243218291998473,8.069074630737305,7.722228977819125,4.298456375616485,62.8847885131836,60.18171473765813,4.298454108593808,90.54705810546876,88.27457191284074,2.509729460211774,0.1603127084482717,0.1549833942245362,3.324324238121846,0.5915248394012451,0.6182314823233347,0.026706642922089574,0.7853315513908653,0.7903723747230588,0.005040823332193467,0.2354063334605112,0.2449446776039679,0.009538344143456695,0.2015207558870315,0.2224576227035964,-10.38943444034206
FL+MoE,24,solar_station_site_5,solar,12.22390209174766,12.1456093544611,0.6404889101608182,6.410205364227295,6.282627692010541,1.990227535122542,56.23857498168945,55.11930206809657,1.9902227500559904,109.35667419433594,72.88556259437635,33.35060422114463,0.1502190353768443,0.1492569035967349,0.6404859262314951,0.6447991132736206,0.6493346304859283,0.004535517212307716,0.8127064820154204,0.8107570852555366,-0.0019493967598838147,0.2640213658908813,0.2617321632964517,-0.002289202594429607,0.2055757492780685,0.2038010654176334,0.8632749079924734
FL+MoE,24,solar_station_site_6,solar,3.437632610190694,3.361775438251162,2.2066689649922777,1.6821726560592651,1.6641199577265582,1.0731774926717708,29.282447814941406,28.9681932179564,1.0731841783549825,125.97683715820312,125.13990576009016,0.6643533978091057,0.1239089975229784,0.1211747361298058,2.2066689649922715,0.8452258706092834,0.8519811978491023,0.006755327239818865,0.9201426967763952,0.9231410872012956,0.0029983904249004656,0.8569248378481495,0.8515833651278139,-0.005341472720335694,0.2070262432098388,0.1959831384233153,5.334156972230027
FL+MoE,24,solar_station_site_7,solar,4.269415544092044,3.824254112413548,10.426753429857719,2.023969411849976,1.945076228788415,3.897943447151709,45.85884094238281,44.07129166738029,3.897938190911559,135.54684448242188,135.62112544159007,-0.05480095051406738,0.1701674194937595,0.1524244822451935,10.426753429857746,0.6539151668548584,0.7223234150081365,0.06840824815327806,0.8433229508693897,0.8636496413444315,0.020326690475041764,0.8031285768790538,0.8065623807706982,0.0034338038916443825,0.1796963959932327,0.1929033472417476,-7.349591612851415
FL+MoE,24,solar_station_site_8,solar,2.8204332996820405,2.618620738303885,7.155374367509651,1.4486428499221802,1.31698618390392,9.088276384019192,38.62788009643555,35.11727511106942,9.088267273797602,128.8003387451172,124.41508397548832,3.404691953727581,0.1248393588120684,0.1159066353310662,7.155374367509697,0.7802932262420654,0.8106100015847095,0.030316775342644098,0.8976167028635761,0.9046431942385036,0.0070264913749275015,0.7944465869649056,0.7929039722329349,-0.001542614731970704,0.1527668386697769,0.1342679165362335,12.109252436342517
Persistence,1,wind_farm_site_1,wind,8.642658235857526,8.642658286708226,-5.883687433118206e-07,4.903489112854004,4.903489122473885,-1.9618440401260723e-07,23.595516204833984,23.59551496450047,5.256649201277355e-06,42.60660552978516,42.6066065567636,-2.410373756651377e-06,0.1063108633238914,0.1063108670087312,-3.466099022428296e-06,0.8798234462738037,0.8798234491702734,2.896469730728768e-09,0.9399120668897526,0.9399120668897526,0.0,0.879954268292683,0.879954268292683,0.0,0.2274641692638397,0.2274641882364781,-8.340934955242456e-06
Persistence,1,wind_farm_site_2,wind,18.363026565054746,18.363026997571133,-2.3553654710330027e-06,10.57162094116211,10.571620712506624,2.1629179378391863e-06,15.156975746154783,15.15697472320186,6.749056944326022e-06,43.1460075378418,43.14600894299124,-3.2567310871728963e-06,0.1023197624469683,0.1023197648569727,-2.355365505999198e-06,0.8944031000137329,0.8944030826259258,-1.738780708304688e-08,0.947186683294828,0.947186683294828,0.0,0.8216463414634146,0.8216463414634146,0.0,0.1967499554157257,0.1967499384192206,8.638632259956409e-06
Persistence,1,wind_farm_site_3,wind,5.792290121136208,5.792290215168643,-1.6234068598976332e-06,3.4962329864501958,3.496233249397492,-7.520874535540493e-06,23.2076473236084,23.20764786895903,-2.34987468926793e-06,52.18833160400391,52.18832929868471,4.417307731034034e-06,0.068034188722467,0.0680341909700683,-3.3036350425072735e-06,0.9137213230133056,0.9137213445222024,2.1508896885791273e-08,0.9568223036487878,0.9568223036487878,0.0,0.6070884146341463,0.6070884146341463,0.0,0.1252750605344772,0.1252750779984592,-1.3940509713792489e-05
Persistence,1,wind_farm_site_4,wind,4.015246896717756,4.015246967926755,-1.7734650079880098e-06,2.337641716003418,2.3376419081610598,-8.220149413101631e-06,12.277236938476562,12.277236977785472,-3.2017717098621894e-07,42.19709396362305,42.19709325088139,1.6890775940265444e-06,0.0653428338334851,0.0653428349923174,-1.773465009132714e-06,0.9629176259040833,0.9629176168612308,-9.042852466834006e-09,0.981458575198623,0.981458575198623,0.0,0.8090701219512195,0.8090701219512195,0.0,0.1126150414347648,0.1126149998617162,3.6916070953936286e-05
Persistence,1,wind_farm_site_5,wind,2.3269286698251723,2.326928658619848,4.815499662433791e-07,1.2892179489135742,1.2892180532693076,-8.094498953873751e-06,17.99504852294922,17.995049225198457,-3.902458153531292e-06,55.6285514831543,55.62854693369488,8.178281292018472e-06,0.0668904339604629,0.066890433638352,4.815500338685458e-07,0.9524972438812256,0.9524972239081084,-1.9973117160176912e-08,0.9762500365420776,0.9762500365420776,0.0,0.8272937548188126,0.8272937548188126,0.0,0.1091096475720405,0.1091096457649218,1.656240987749842e-06
Persistence,1,wind_farm_site_6,wind,4.528190684977456,4.528190825897603,-3.112063014894279e-06,3.038902282714844,3.038902441660563,-5.230366231681738e-06,4.169006824493408,4.169007043747838,-5.259152574058917e-06,4.6836466789245605,4.683646508708407,3.6342654525673966e-06,0.0996011231930552,0.0996011262927049,-3.112063001104039e-06,0.858971893787384,0.8589718696768976,-2.411048638517599e-08,0.9293873683464224,0.9293873683464224,0.0,0.9166666666666666,0.9166666666666666,0.0,0.2962888181209564,0.2962888316566702,-4.568418699663729e-06
Persistence,1,solar_station_site_1,solar,5.646482517132607,5.646482580282298,-1.1183899269405852e-06,3.1013407707214355,3.101340644680288,4.064085731273672e-06,34.74451446533203,34.74451220716502,6.499348293683745e-06,43.989654541015625,43.98965625050798,-3.886123612373463e-06,0.1319079769468243,0.1319079784220699,-1.1183899764814857e-06,0.825842559337616,0.8258425831088452,2.377122920727004e-08,0.9129742625753604,0.9129742625753604,0.0,0.7907774390243902,0.7907774390243902,0.0,0.2077558785676956,0.2077558937167259,-7.291745683641026e-06
Persistence,1,solar_station_site_2,solar,11.699073976566678,11.69907376205869,1.8335467293446377e-06,6.130476951599121,6.130476722260937,3.740951736866725e-06,35.00520706176758,35.00520503673731,5.784940126533274e-06,37.04563522338867,37.045631358630246,1.0432425852250684e-05,0.1263071860222634,0.1263071841940433,1.4474395009969366e-06,0.8072370290756226,0.807237032165348,3.0897254754691517e-09,0.903627731529124,0.903627731529124,0.0,0.8155487804878049,0.8155487804878049,0.0,0.2093022167682647,0.2093021400056926,3.6675470170270966e-05
Persistence,1,solar_station_site_3,solar,3.002450101439373,3.002450164875613,-2.1128157895522565e-06,1.8531882762908936,1.8531883924512105,-6.268133594787598e-06,32.06770324707031,32.067706905056035,-1.1407071139906257e-05,52.74717330932617,52.747175023461466,-3.249719722606804e-06,0.1151672649421969,0.1151672666513748,-1.4840830952891371e-06,0.8486125469207764,0.8486125190903427,-2.7830433624309592e-08,0.9242900920033232,0.9242900920033232,0.0,0.4166666666666667,0.4166666666666667,0.0,0.217817336320877,0.2178173610402165,-1.1348655684291723e-05
Persistence,1,solar_station_site_4,solar,9.487040062010047,9.487040141881188,-8.418973704153711e-07,4.737283229827881,4.737283106881833,2.5952859908159915e-06,36.926456451416016,36.926459943584014,-9.45708939856151e-06,44.04183197021485,44.04182924306371,6.192183702080569e-06,0.1004058604615608,0.100405858805006,1.6498586720928275e-06,0.8396151065826416,0.8396151074483594,8.657178307558411e-10,0.9198220007198796,0.9198220007198796,0.0,0.3125,0.3125,0.0,0.1878741830587387,0.187874171220099,6.301365900677574e-06
Persistence,1,solar_station_site_5,solar,8.241041463571026,8.241041628161305,-1.9972024156309067e-06,4.188636302947998,4.188636156424586,3.498117322026392e-06,36.75885772705078,36.75885873940168,-2.7540325314657285e-06,44.73179244995117,44.73179406108409,-3.6017624774842696e-06,0.1012738231921837,0.1012738282562462,-5.000366672302759e-06,0.838401734828949,0.8384017443017817,9.472832740442527e-09,0.9192102152413996,0.9192102152413996,0.0,0.3151676829268293,0.3151676829268293,0.0,0.192954421043396,0.1929544023398111,9.693265799218319e-06
Persistence,1,solar_station_site_6,solar,3.447562730645852,3.4475627003168703,8.797223986332021e-07,1.9322152137756348,1.932215346172509,-6.852076993637885e-06,33.641544342041016,33.64154789278111,-1.0554628707031927e-05,42.58066940307617,42.580668333518815,2.5118378162032928e-06,0.1242669273573747,0.1242669262641707,8.797224030518901e-07,0.8441818356513977,0.8441818168458803,-1.8805517365549917e-08,0.9220893772663332,0.9220893772663332,0.0,0.7797256097560976,0.7797256097560976,0.0,0.1884443759918213,0.1884443781081112,-1.1230316160644886e-06
Persistence,1,solar_station_site_7,solar,3.0610790459472144,3.0610790170135127,9.452124960675034e-07,1.5826863050460815,1.5826862585450816,2.9381059146885725e-06,35.87276840209961,35.87276803873703,1.01292037692774e-06,36.056114196777344,36.05611581458911,-4.4869276821274e-06,0.1220063769234327,0.1220063757702132,9.452124840361177e-07,0.8219044208526611,0.8219044410398965,2.0187235327817632e-08,0.9109485064839408,0.9109485064839408,0.0,0.8041158536585366,0.8041158536585366,0.0,0.1864442974328994,0.1864443024836659,-2.708994895002993e-06
Persistence,1,solar_station_site_8,solar,2.134714696613461,2.1347147244410154,-1.303572534872497e-06,1.1787114143371582,1.178711481207267,-5.673153578579192e-06,31.4665584564209,31.46656063209247,-6.914234280830196e-06,43.63156127929688,43.63155699486202,9.81957725080647e-06,0.0944877561904998,0.0944877574222162,-1.3035724893933574e-06,0.8740498423576355,0.8740498217870235,-2.0570611991566068e-08,0.9370249108748464,0.9370249108748464,0.0,0.8297380585516179,0.8297380585516179,0.0,0.1707703471183776,0.1707703418491655,3.0855544790659346e-06
Centralized,1,wind_farm_site_1,wind,8.238849849984277,8.24246632011394,-0.043895327570137435,4.929117202758789,5.069036925403208,-2.8386365527301094,23.71883773803711,24.392128470474415,-2.8386329038272025,71.16211700439453,62.81584871492718,11.728527256927922,0.1013437320376509,0.10138822011848,-0.043898206563553956,0.8907910585403442,0.8906951548638729,-9.59036764713872e-05,0.9444771748007604,0.943792371957196,-0.0006848028435644249,0.8841463414634146,0.8807164634146342,-0.003429878048780477,0.2276593446731567,0.2350227035389154,-3.2343758506069853
Centralized,1,wind_farm_site_2,wind,16.88378135234836,16.674274725111285,1.2408750318715516,11.096436500549316,10.956576243066973,1.260406955651212,15.909424781799316,15.708901566297664,1.2604051890741825,64.76225280761719,62.04972619367918,4.188437703048788,0.0940773293040045,0.0929099472140195,1.240875031871583,0.9107307195663452,0.9129323946368724,0.0022016750705271537,0.9554896814458332,0.9554842482611324,-5.433184700809335e-06,0.8243140243902439,0.823170731707317,-0.0011432926829268997,0.178409531712532,0.1830796723356668,-2.6176519708934176
Centralized,1,wind_farm_site_3,wind,5.64900983387987,5.5906039572641175,1.0339135234898045,3.758780956268311,3.525254969632448,6.212811795974027,24.950414657592773,23.400291155524755,6.212816593796742,74.30098724365234,69.15218324704158,6.9296575827808224,0.0663512692036679,0.0656652555616902,1.0339118606336823,0.9179369807243348,0.919625146035386,0.001688165311051204,0.9581804848039988,0.9590187880518928,0.0008383032478940233,0.618140243902439,0.604420731707317,-0.013719512195122019,0.1263824105262756,0.1249000916257846,1.1728838643909463
Centralized,1,wind_farm_site_4,wind,3.839372080088143,3.782216620029418,1.4886668670417738,2.4493274688720703,2.3467521505981725,4.187897272925057,12.863805770874023,12.32508374376577,4.187889934781332,68.84725952148438,68.62557876583463,0.32198922250574913,0.0624807037542819,0.0615505742191973,1.4886668670418957,0.9660950303077698,0.9670969688568732,0.001001938549103465,0.9831732297852828,0.9834739438343882,0.00030071404910547717,0.8117378048780488,0.8205030487804879,0.008765243902439046,0.1106822490692138,0.1117957302715109,-1.0060160609862627
Centralized,1,wind_farm_site_5,wind,2.445966931603792,2.287781714524874,6.467185432273926,1.5742578506469729,1.3571525967573217,13.790958946174378,21.97366714477539,18.943287152101604,13.790961575543436,94.62539672851562,91.2532010182142,3.5637321764435,0.070312335581912,0.065765106458067,6.467185432273956,0.9475127458572388,0.9540820994697032,0.006569353612464468,0.9742844163772046,0.976792921293248,0.0025085049160433748,0.8172706245181187,0.8218966846569006,0.004626060138781862,0.1334539651870727,0.1137647742749457,14.753545077905434
Centralized,1,wind_farm_site_6,wind,5.343562786548333,4.407951612013112,17.509126624103494,3.982078075408936,3.0462906497790865,23.499976843968575,5.462930202484131,4.17914277277439,23.49997862183871,5.986493110656738,4.626765879568054,22.713251413723214,0.1175358752356683,0.0969563700119068,17.50912662410353,0.8036105632781982,0.8663620071636018,0.06275144388540355,0.935181503838172,0.932776289254518,-0.0024052145836539474,0.875,0.875,0.0,0.2490448355674743,0.28021352017021,-12.515290482420419
Centralized,1,solar_station_site_1,solar,2.771481536154069,2.729203973019405,1.5254499293302688,1.3376532793045044,1.3629782288920187,-1.8932372072291919,14.98581314086914,15.269529902517611,-1.893235682184782,124.79957580566406,125.13662573292746,-0.27007297507825057,0.0647448250251927,0.0637571751376009,1.5254499293302544,0.9580424427986144,0.9593127835835892,0.0012703407849747883,0.9790411416284022,0.979567856012012,0.0005267143836098498,0.8479420731707317,0.8163109756097561,-0.031631097560975596,0.0911925956606864,0.0870298992807293,4.564730666781164
Centralized,1,solar_station_site_2,solar,5.997205083289645,5.7312696673958285,4.43432252525109,3.1217803955078125,2.85352180315075,8.593128227183495,17.825458526611328,16.293694654019227,8.593124661031059,54.8175163269043,77.51333278984913,-41.40248953928945,0.0647478680437431,0.0618767389853701,4.434322156265126,0.9493454694747924,0.9537382206879008,0.004392751213108448,0.97443215924285,0.97703376597286,0.0026016067300099754,0.8048780487804879,0.8185975609756098,0.013719512195121908,0.1033767014741897,0.0872155960689732,15.633218292664802
Centralized,1,solar_station_site_3,solar,1.9972998750623483,2.0600764275029086,-3.1430709641736048,1.2120871543884275,1.1722484120164174,3.286788596659225,20.97404289245605,20.284671892822427,3.2867816813780677,98.85103607177734,85.23604114692432,13.77324453632125,0.0766119522752598,0.0790199198054859,-3.143070315679317,0.9330077171325684,0.9287302865760096,-0.0042774305565587145,0.967600978003294,0.964786866805738,-0.002814111197556035,0.3664021164021164,0.3796296296296296,0.013227513227513199,0.0984637588262558,0.1120293469847867,-13.777239788771475
Centralized,1,solar_station_site_4,solar,5.1261453976827065,5.430649604884781,-5.9402179138291125,2.538712978363037,2.933035736407598,-15.532388316650911,19.788911819458008,22.86260377308229,-15.532395018315201,104.6458511352539,85.4610167530773,18.333105588085246,0.0542524366020598,0.0574751481276436,-5.9402152740572856,0.953174352645874,0.947446027962599,-0.005728324683274999,0.9765951582618732,0.9734236082638632,-0.003171549998009948,0.2999237804878049,0.2892530487804878,-0.010670731707317083,0.0860649570822715,0.0809913668729036,5.895070864344866
Centralized,1,solar_station_site_5,solar,4.5418803780113,4.781928916715522,-5.285223711887558,2.1016223430633545,2.4544225967353874,-16.78704334470418,18.443531036376957,21.539653994966404,-16.78704014151538,70.8074722290039,80.62704053017585,-13.86798312671538,0.0558149831421243,0.0587649316307453,-5.285226873775835,0.9509155750274658,0.9455900051318928,-0.005325569895572979,0.9751508188648408,0.9725005299829342,-0.0026502888819065484,0.3010670731707317,0.28125,-0.019817073170731725,0.0834892317652702,0.0753937711527411,9.696412868295972
Centralized,1,solar_station_site_6,solar,1.6983968917638554,1.70059109084796,-0.12919236338367282,0.8344438076019287,0.9129291433817068,-9.405706539465331,14.528390884399414,15.894889542528928,-9.405712366927434,119.19857025146484,119.73879093093176,-0.45321070406066705,0.0612184837992119,0.0612975734052598,-0.12919236338374487,0.9621843099594116,0.962086525303926,-9.778465548559989e-05,0.9818686295307776,0.9812447910467644,-0.0006238384840131506,0.8677591463414634,0.8338414634146342,-0.033917682926829285,0.100810095667839,0.0799870232873485,20.655741116545325
Centralized,1,solar_station_site_7,solar,1.9154199885677765,1.8604738875925049,2.868618961022573,0.9339301586151124,0.9738031205444664,-4.269372989140856,21.168228149414062,22.071976217701444,-4.269360958831111,132.478271484375,132.44201459321866,0.027368179513587425,0.0763434885490073,0.0741534847609843,2.868618961022683,0.9302679896354676,0.9342113208631936,0.003943331227725944,0.9650084170898906,0.9669949619597984,0.0019865448699077914,0.8292682926829268,0.8258384146341463,-0.003429878048780477,0.1033754795789718,0.0941994173243853,8.876439840432958
Centralized,1,solar_station_site_8,solar,0.8629426594246543,0.841115905648477,2.5293399900672098,0.4825083911418915,0.514041043166526,-6.535151015718127,12.88091278076172,13.722699668299311,-6.535149347450292,116.8401107788086,117.65153393203092,-0.6944731118566263,0.0381959780102935,0.0372298718638819,2.5293399900671263,0.9794182181358336,0.9804462172262288,0.001027999090395193,0.990476681442309,0.9904192110904364,-5.747035187264604e-05,0.8258859784283513,0.8143297380585516,-0.011556240369799742,0.0724467933177948,0.0509014706552148,29.739511820860553
Persistence,6,wind_farm_site_1,wind,19.577855332839544,19.577854627546447,3.602504384794815e-06,12.603116035461426,12.603115774091764,2.073849524023854e-06,60.62521362304688,60.62521519252672,-2.588823595315925e-06,89.18190002441406,89.18189789019223,2.393110967348886e-06,0.2408215904950583,0.2408215887496455,7.24774224226385e-07,0.3834294080734253,0.3834294684492191,6.03757938089089e-08,0.691744711107215,0.691744711107215,0.0,0.8844834159359513,0.8844834159359513,0.0,0.5461289882659912,0.5461289641207072,4.42116871896472e-06
Persistence,6,wind_farm_site_2,wind,52.880503555185626,52.88050263864237,1.7332347380797208e-06,35.31524658203125,35.315249205645586,-7.42912648073288e-06,50.63512802124024,50.63512923030119,-2.3877908373276213e-06,87.08480834960938,87.08481428087437,-6.810906639430925e-06,0.294652983410664,0.2946529783036361,1.7332347349927364e-06,0.1246302127838134,0.1246302811959391,6.841212570052324e-08,0.5618304252232641,0.5618304252232641,0.0,0.7926038886770873,0.7926038886770873,0.0,0.6209447979927063,0.6209448319164362,-5.463244083199136e-06
Persistence,6,wind_farm_site_3,wind,16.688473790934363,16.6884734347048,2.1345844302098235e-06,11.15166473388672,11.15166508539162,-3.152039702068617e-06,73.99590301513672,73.99590843457689,-7.323973288340302e-06,108.9416046142578,108.94159326541195,1.0417366152709978e-05,0.1960169037872116,0.1960169028965965,4.543562644220923e-07,0.2839075922966003,0.2839075954836022,3.1870019401303296e-09,0.640676593968205,0.640676593968205,0.0,0.5764391917651545,0.5764391917651545,0.0,0.3131363093852997,0.3131362718659099,1.198180748676542e-05
Persistence,6,wind_farm_site_4,wind,12.50419180203464,12.504192048573469,-1.971649446574035e-06,7.895167827606201,7.895167648900427,2.2634829003851694e-06,41.4527587890625,41.45275806033057,1.7579817477816627e-06,86.97029876708984,86.97030270355637,-4.526219390723161e-06,0.2034891871307536,0.2034891911428469,-1.9716493800239777e-06,0.6404371857643127,0.640437203652614,1.7888301284685326e-08,0.8202379212565173,0.8202379212565173,0.0,0.806709874189859,0.806709874189859,0.0,0.3496454954147339,0.3496454600245973,1.0121719588309209e-05
Persistence,6,wind_farm_site_5,wind,7.074138672500255,7.074138804748,-1.8694536723369645e-06,4.109165668487549,4.109165689216794,-5.044635981986113e-07,57.334083557128906,57.33408141132852,3.742626120493011e-06,109.76950073242188,109.7695115615411,-9.865326112325139e-06,0.2033548392936288,0.2033548430952533,-1.8694536743716392e-06,0.5610572099685669,0.561057150465964,-5.95026028449297e-08,0.7805853449463078,0.7805853449463078,0.0,0.8091014269186271,0.8091014269186271,0.0,0.2871868014335632,0.2871867936566868,2.707950479021427e-06
Persistence,6,wind_farm_site_6,wind,12.698389651111093,12.698389871349638,-1.7343816946399094e-06,9.405031204223633,9.405031607184611,-4.284525692822112e-06,12.918021202087402,12.918021608340927,-3.14485878825619e-06,14.247448921203612,14.24744946716833,-3.83201737930256e-06,0.2793110891265459,0.2793110939708663,-1.7343816904740671e-06,-0.097729206085205,-0.0977293344892775,-1.2840407249969932e-07,0.435675656044223,0.435675656044223,0.0,0.8591549295774648,0.8591549295774648,0.0,0.8589630126953125,0.8589630336439636,-2.438830408001762e-06
Persistence,6,solar_station_site_1,solar,20.73442798599108,20.734427174086555,3.915731481016833e-06,14.544843673706056,14.544842416781764,8.641717441898002e-06,163.06529235839844,163.0652845641279,4.779846423361346e-06,126.22110748291016,126.22111917302,-9.261612480528371e-06,0.4843788040577526,0.4843787850907793,3.915731471084413e-06,-1.348910570144653,-1.348910554282829,1.5861824076424114e-08,-0.1706671634024474,-0.1706671634024474,0.0,0.7529546321006481,0.7529546321006481,0.0,0.853067934513092,0.853067862881485,8.396940523995227e-06
Persistence,6,solar_station_site_2,solar,40.78286485069051,40.78286566973863,-2.0083143281264656e-06,28.214141845703125,28.214142342406603,-1.7604770014412898e-06,161.2517547607422,161.25175468416663,4.7488202673333906e-08,118.57508087158205,118.57508980415255,-7.533261156886753e-06,0.4403056949237881,0.4403057054665626,-2.3944215594530553e-06,-1.3438303470611572,-1.3438304614379342,-1.1437677693848514e-07,-0.1702281628676109,-0.1702281628676109,0.0,0.8173846740373618,0.8173846740373618,0.0,0.8363334536552429,0.8363334321936321,2.566154770927644e-06
Persistence,6,solar_station_site_3,solar,11.334213073095464,11.33421274978745,2.8524963415216075e-06,8.288114547729492,8.288114850718948,-3.6557102825049776e-06,143.68280029296875,143.6828057117334,-3.7713384255228037e-06,144.7919921875,144.7919906708244,1.0474858361141576e-06,0.4347550419821206,0.4347550268473019,3.48122903017021e-06,-1.157618284225464,-1.1576183520078076,-6.77823435157876e-08,-0.0783087831807177,-0.0783087831807177,0.0,0.4503311258278146,0.4503311258278146,0.0,0.863154411315918,0.8631544954041077,-9.741963736985928e-06
Persistence,6,solar_station_site_4,solar,35.19682380911664,35.19682338933734,1.1926624397168868e-06,21.554746627807617,21.55474774007721,-5.160207229374751e-06,168.06800842285156,168.0680118757835,-2.0544849477579413e-06,126.8264617919922,126.82646742086786,-4.438250169426949e-06,0.3725047387772445,0.3725047250526112,3.684418448950465e-06,-1.2068705558776855,-1.2068704077181884,1.4815949711532994e-07,-0.0975067412094409,-0.0975067412094409,0.0,0.3469309950438429,0.3469309950438429,0.0,0.7610430121421814,0.7610430138721154,-2.2731093331757447e-07
Persistence,6,solar_station_site_5,solar,30.55062417049824,30.55062514838992,-3.2008893666553434e-06,19.03556251525879,19.0355638508082,-7.016075351913353e-06,167.09461975097656,167.09462694356156,-4.304498261510314e-06,126.4399871826172,126.4399915780454,-3.4762959804282157e-06,0.3754353772312174,0.3754354005234297,-6.2040536769152866e-06,-1.2200884819030762,-1.220088696725116,-2.1482203993450355e-07,-0.1055163593010729,-0.1055163593010729,0.0,0.3587495234464354,0.3587495234464354,0.0,0.7752721905708313,0.7752721800074786,1.3625347170384364e-06
Persistence,6,solar_station_site_6,solar,13.272297649152362,13.272297402151704,1.8610241020683539e-06,9.23524570465088,9.235245506193602,2.148911738805403e-06,160.83006286621094,160.83006080633163,1.2807800173773203e-06,126.9891586303711,126.9891726214713,-1.101755484848061e-05,0.4783981544909259,0.4783981455878209,1.8610241055280193e-06,-1.308584213256836,-1.3085841646151422,4.8641693783935125e-08,-0.1546784464927741,-0.1546784464927741,0.0,0.733511246664125,0.733511246664125,0.0,0.7787153720855713,0.7787153780896949,-7.710292949053662e-07
Persistence,6,solar_station_site_7,solar,10.579044183776016,10.579043836192051,3.2855895024874537e-06,6.890865325927734,6.890865520327208,-2.8211184548370373e-06,156.18185424804688,156.18185757128913,-2.1278030471770946e-06,107.6355438232422,107.63555292038384,-8.451800696612572e-06,0.4216522451075845,0.4216522312538227,3.285589479280649e-06,-1.1263351440429688,-1.126335033392095,1.1065087379691363e-07,-0.0622799583951558,-0.0622799583951558,0.0,0.7842165459397636,0.7842165459397636,0.0,0.7185266613960266,0.7185265610320518,1.3968023761655049e-05
Persistence,6,solar_station_site_8,solar,8.975550183617315,8.97555018528631,-1.8594911445429656e-08,6.003862380981445,6.003862230188298,2.511602334922142e-06,160.21572875976562,160.21573053408974,-1.1074593814707707e-06,129.3693389892578,129.36933787226167,8.634164432492364e-07,0.3972800668729331,0.397280066946807,-1.8594919088975715e-08,-1.2260699272155762,-1.2260701115366075,-1.8432103132681732e-07,-0.1131175357104161,-0.1131175357104161,0.0,0.8215799614643545,0.8215799614643545,0.0,0.7628839612007141,0.7628839661575701,-6.497522937748264e-07
Centralized,6,wind_farm_site_1,wind,17.533813941856923,17.594283423568342,-0.34487352216659034,12.814041137695312,13.933136105336107,-8.733349265976145,61.63983917236328,67.02305920486855,-8.733345357135315,97.2525634765625,100.54765742394356,-3.38818209987356,0.2156784228474521,0.2164222468489278,-0.3448764098214007,0.505455493927002,0.502038538717581,-0.00341695520942098,0.7131074609230581,0.7269747492336412,0.013867288310583148,0.8871521158978269,0.8856271444910407,-0.001524971406786202,0.5661922693252563,0.5817430921102297,-2.7465621887606453
Centralized,6,wind_farm_site_2,wind,44.57922032478389,43.33191141070365,2.797960361336332,36.331199645996094,35.66537632227636,1.832648880872043,52.0918083190918,51.13714272861731,1.8326597238218667,86.7331771850586,84.39459053253498,2.696299995483714,0.2483977909384107,0.2414477192095189,2.797960361336316,0.3778926730155945,0.4122182963595313,0.034325623343936795,0.6216913688952608,0.6466693367666158,0.024977967871354978,0.750667174990469,0.7731605032405643,0.022493328250095312,0.5176236629486084,0.5324917512375194,-2.872374150017773
Centralized,6,wind_farm_site_3,wind,15.483408754382008,14.707004591065653,5.0144265751339985,11.80965518951416,10.496922056154734,11.115761741502896,78.36194610595703,69.65141773577926,11.11576320271556,104.70540618896484,104.18083060088988,0.5010014355211521,0.1818626365794138,0.1727432711030173,5.01442497915967,0.3835909366607666,0.4438597858701116,0.060268849209345,0.6392825406188754,0.666459550250486,0.027177009631610627,0.5825390773922989,0.590545177277926,0.00800609988562706,0.3327135145664215,0.3238914474234973,2.651550585319857
Centralized,6,wind_farm_site_4,wind,11.626731169402124,11.17688714651363,3.869049832960278,8.453435897827148,7.810452669427606,7.6061761888419,44.38389205932617,41.00797085575971,7.606185593309403,93.15592193603516,91.94516922320769,1.2997055771278028,0.1892096756116985,0.1818890589734994,3.8690498329602647,0.6891300678253174,0.7127201201471279,0.02359005232181055,0.8344927941861089,0.8456958655163003,0.011203071330191383,0.7914601601219977,0.800991231414411,0.009531071292413262,0.3772950768470764,0.3444928838330006,8.69404215082591
Centralized,6,wind_farm_site_5,wind,7.430948914507455,6.557391471534672,11.755664761297657,5.221582889556885,4.366270919678732,16.380319684070667,72.85533905029297,60.92140140021725,16.38031996781673,121.83244323730467,113.49201957593556,6.845814989627744,0.2136117896844599,0.1885003037985466,11.755664761297652,0.5156611204147339,0.6228422401079188,0.10718111969318489,0.7214914107257484,0.7926618505421744,0.07117043981642601,0.7423833397608948,0.8094870806016198,0.06710374084072501,0.4786295890808105,0.329108315446335,31.239454694312833
Centralized,6,wind_farm_site_6,wind,12.887846528212757,11.536174729679653,10.487956972285186,11.187616348266602,10.25519721276366,8.334386043255853,15.366440773010254,14.0857431134073,8.3343806059005,16.604135513305664,15.021743989951151,9.530104846991096,0.2834783424665117,0.2537472558828768,10.487956972285167,-0.1307293176651001,0.0940137489926258,0.2247430666577259,0.4686395572956005,0.6359098344198479,0.16727027712424747,0.8450704225352113,0.704225352112676,-0.14084507042253525,0.7015315890312195,0.5932550719922227,15.434303847745658
Centralized,6,solar_station_site_1,solar,5.209012203478346,4.799617872225999,7.859346748678606,2.705357313156128,2.4942905298624267,7.801808000269886,30.3303279876709,27.964015242154872,7.801804011080654,131.26560974121094,128.20162657702113,2.3341857553021117,0.1216881942992495,0.1121242971570657,7.859346748678625,0.8517505526542664,0.8741376838208915,0.022387131166625163,0.9250683694459662,0.9350259313758658,0.009957561929899605,0.8051849027830729,0.85055280213496,0.04536789935188712,0.1790399998426437,0.1757544164212982,1.8351113852955685
Centralized,6,solar_station_site_2,solar,10.730789763013172,10.157231298460264,5.344979048325469,5.735323905944824,5.296711105174763,7.647568087923099,32.778987884521484,30.27219290946871,7.647566739656729,100.75259399414062,80.93423377231028,19.670322555648447,0.1158532599654923,0.1096609279169434,5.344978682855644,0.8377315402030945,0.8546143973730018,0.01688285716990734,0.918734842391514,0.9271519149561516,0.008417072564637529,0.7891727030118185,0.8246282882195959,0.03545558520777736,0.1884320080280304,0.175527552821138,6.848335026484877
Centralized,6,solar_station_site_3,solar,3.851780883292869,3.8927444938488014,-1.0634979454208457,2.17689847946167,2.23443003544857,-2.6428221862292443,37.73872375488281,38.73609167372593,-2.6428236559379505,87.9166030883789,103.29545987465056,-17.492551174676223,0.1477456925171938,0.1493169639827574,-1.0634973100016063,0.7508189678192139,0.7454906716187026,-0.005328296200511229,0.8727593799675816,0.8660430813636594,-0.0067162986039221995,0.4,0.4119205298013245,0.011920529801324464,0.1840661168098449,0.2213498266585944,-20.255607330091387
Centralized,6,solar_station_site_4,solar,14.437664873246902,13.876651881784328,3.8857598953009034,7.70680046081543,7.198296841493671,6.598115805738085,60.09193801879883,56.12700522549652,6.598111034564974,79.373291015625,131.12389664565077,-65.19901716036749,0.152800679155862,0.1468632079860032,3.8857622902332745,0.6286667585372925,0.6569643312996616,0.028297572762369105,0.8089853410416946,0.8125165244705256,0.003531183428830964,0.2302706824247045,0.2371330537552421,0.006862371330537603,0.1974321901798248,0.194753418403603,1.3568059867957358
Centralized,6,solar_station_site_5,solar,11.566117334284211,11.19143227288948,3.239505968732407,6.018482208251953,5.356081488687316,11.006109125925772,52.830379486083984,47.01580921090102,11.006111127243706,77.78240203857422,95.27836822681466,-22.493476325870937,0.1421355452596862,0.1375310599175917,3.2395030628559107,0.6817963123321533,0.702078761769213,0.020282449437059702,0.8355118240317686,0.839014751125582,0.0035029270938133905,0.2683949675943576,0.2863133816240945,0.017918414029736873,0.1903857886791229,0.1823986818951875,4.195222153580443
Centralized,6,solar_station_site_6,solar,3.260576205671808,3.4345973642674363,-5.3371290109066205,1.6161770820617676,2.076125471161142,-28.459034236063737,28.145418167114254,36.15533399133663,-28.459040035089426,126.51864624023438,127.6566348455574,-0.8994631535672704,0.1175270236250344,0.1237995924985812,-5.33712901090664,0.860670804977417,0.8454015385295182,-0.015269266447898833,0.92833980549704,0.928787779205158,0.0004479737081179991,0.8345406023637056,0.8173846740373618,-0.017155928326343828,0.1651031225919723,0.2161843675090199,-30.938993833137406
Centralized,6,solar_station_site_7,solar,3.3843235226817128,3.141311041242244,7.180533415638339,1.7620065212249756,1.7436716773295582,1.0405661769441532,39.935977935791016,39.520417392624495,1.0405668388405518,136.49501037597656,136.98302151844786,-0.35753038966557327,0.1348900322864335,0.1252042084437407,7.180533415638422,0.7823880910873413,0.8125174970635665,0.030129405976225154,0.8900178506426185,0.9017307533341716,0.011712902691553118,0.7990850171559283,0.7994662600076249,0.000381242851696606,0.1679229140281677,0.1864964686702142,-11.060762463263906
Centralized,6,solar_station_site_8,solar,2.6338262672045496,2.5790768611948454,2.0787022550205383,1.3741848468780518,1.3100165480200192,4.669553663309095,36.67073440551758,34.9583734945549,4.669557178830412,126.79710388183594,124.85534210579505,1.5313928446271514,0.1165796696760271,0.114156325453576,2.07870225502057,0.80831378698349,0.8162001089115155,0.00788632192802552,0.9010526173355576,0.904278449862924,0.0032258325273664124,0.791907514450867,0.7710982658959538,-0.020809248554913284,0.1568477749824524,0.1232263246167414,21.43572031510963
Persistence,24,wind_farm_site_1,wind,29.97096882264517,29.970968810765,3.96389186842776e-08,20.7131462097168,20.71314547766101,3.534256865536025e-06,99.56537628173828,99.56537185021696,4.45086583739018e-06,111.24886322021484,111.2488635698358,-3.1426924410271204e-07,0.368664302490807,0.3686643129538366,-2.838091330973797e-06,-0.444537878036499,-0.444537841523255,3.651324403941558e-08,0.2775371659733952,0.2775371659733952,0.0,0.8477680274704311,0.8477680274704311,0.0,0.7789505124092102,0.7789506037231387,-1.1722686752879227e-05
Persistence,24,wind_farm_site_2,wind,71.18695127093167,71.18694920963716,2.8956072320871875e-06,52.39556884765625,52.39556880110993,8.883636502666396e-08,75.15496826171875,75.15497054430233,-3.0371692420624555e-06,103.10022735595705,103.1002307226396,-3.2654462895807273e-06,0.3966574854946262,0.3966574740089834,2.895607229343577e-06,-0.5856876373291016,-0.5856875727787225,6.455037904196104e-08,0.2065937985890633,0.2065937985890633,0.0,0.7058374666157955,0.7058374666157955,0.0,0.7485616207122803,0.7485617741511993,-2.0497834081979642e-05
Persistence,24,wind_farm_site_3,wind,26.31915300577521,26.3191524336932,2.17363381073293e-06,18.22664833068848,18.2266503310279,-1.0974806694697438e-05,120.85031127929688,120.85031652440708,-4.340171031951931e-06,136.72560119628906,136.72560825061805,-5.159479225306257e-06,0.3091354516370725,0.3091354501117805,4.93405720933924e-07,-0.7805098295211792,-0.7805095711306513,2.583905278630283e-07,0.1071340966889198,0.1071340966889198,0.0,0.5475009538344143,0.5478824876001526,0.00038153376573824005,0.4188709259033203,0.4188710663958725,-3.35407743805738e-05
Persistence,24,wind_farm_site_4,wind,21.75435831535581,21.75435858862573,-1.2561617230208348e-06,15.021411895751951,15.021412732136078,-5.567946157164772e-06,78.81005096435547,78.81005116189539,-2.50653205051537e-07,112.8204116821289,112.8204111671954,4.5641874210459724e-07,0.3540234155255515,0.354023419972658,-1.256161689126703e-06,-0.0881401300430297,-0.0881401475595136,-1.7516483902246804e-08,0.4563241943734097,0.4563241943734097,0.0,0.8512018313620755,0.8512018313620755,0.0,0.80265873670578,0.8026589504915719,-2.6634705643966584e-05
Persistence,24,wind_farm_site_5,wind,12.021417578256749,12.021416991938905,4.877277078486777e-06,7.372486591339111,7.372486610009719,-2.5324708361461666e-07,102.78697967529295,102.78697718086374,2.4267949293013857e-06,129.1268310546875,129.1268350181508,-3.069434355060879e-06,0.3455704719517452,0.3455704550973158,4.877277059287935e-06,-0.2670336961746216,-0.267033536262629,1.5991199259213218e-07,0.3663823890720066,0.3663823890720066,0.0,0.8579698957931301,0.8579698957931301,0.0,0.7291967272758484,0.729197063958613,-4.6171732807218134e-05
Persistence,24,wind_farm_site_6,wind,17.547701101991787,17.547700307861156,4.525553671450016e-06,14.36696720123291,14.366966976838953,1.561874225049715e-06,19.75256729125977,19.75256869093668,-7.086050590910485e-06,20.636703491210938,20.636703853260737,-1.7543974505043196e-06,0.3859755166699867,0.3859754992024576,4.525553651828044e-06,-1.0102238655090332,-1.0102236624779373,2.0303109593555746e-07,-0.1825770523063441,-0.1825770523063441,0.0,0.9117647058823528,0.9117647058823528,0.0,1.2693490982055664,1.2693489080894838,1.4977446545105096e-05
Persistence,24,solar_station_site_1,solar,6.323248748186751,6.323248741580298,1.0447878021879229e-07,2.5529136657714844,2.552913868148861,-7.927309855716792e-06,28.625959396362305,28.62596063526737,-4.3279075705987835e-06,18.880821228027344,18.880821330905743,-5.448830741552524e-07,0.1477179726624602,0.1477179725081262,1.0447881679566674e-07,0.7816853523254395,0.7816853573055619,4.980122425557454e-09,0.8909766688502022,0.8909766688502022,0.0,0.8595955742083174,0.8595955742083174,0.0,0.1861336827278137,0.1861337375949522,-2.9477275523237345e-05
Persistence,24,solar_station_site_2,solar,11.242593319204232,11.24259327663482,3.7864406969958447e-07,4.686457633972168,4.686457466949538,3.563941967215768e-06,26.82397079467773,26.823969195615028,5.961319876669571e-06,16.533889770507812,16.533890363534233,-3.5867326387797967e-06,0.1213788654200918,0.1213788654291505,-7.463159426167933e-09,0.8217751383781433,0.8217751104798076,-2.7898335752674086e-08,0.9105196758670172,0.9105196758670172,0.0,0.8550171690194582,0.8550171690194582,0.0,0.1554988920688629,0.155498898052386,-3.847952253429844e-06
Persistence,24,solar_station_site_3,solar,4.7520149374319285,4.7520150409656114,-2.178732270908734e-06,2.333462715148926,2.333462716173752,-4.3918679102323385e-08,40.74946212768555,40.74946536949585,-7.955467717551449e-06,35.728721618652344,35.728724455237995,-7.939230742951721e-06,0.1822766556706924,0.1822766584959798,-1.5499995775822956e-06,0.6193857192993164,0.6193856971550276,-2.21442888470591e-08,0.8093680737663677,0.8093680737663677,0.0,0.3922872340425531,0.3922872340425531,0.0,0.1817793697118759,0.1817794909908666,-6.671768688793864e-05
Persistence,24,solar_station_site_4,solar,17.26507175301391,17.265071247384128,2.928628324475226e-06,7.378322124481201,7.3783215896136705,7.249175648427293e-06,57.50154113769531,57.50153827661271,4.975662465167956e-06,38.521522521972656,38.52152117246664,3.5032520163816226e-06,0.1827244719070644,0.1827244620026959,5.420384247741686e-06,0.469331681728363,0.4693316827669725,1.0386095317116428e-09,0.7334426342847611,0.7334426342847611,0.0,0.283479587943533,0.283479587943533,0.0,0.18545763194561,0.1854577056516713,-3.974280299851392e-05
Persistence,24,solar_station_site_5,solar,14.499379111841522,14.499379297212512,-1.278475362561684e-06,6.152152061462402,6.152151806525017,4.143873272854059e-06,53.9745979309082,53.97459954914508,-2.9981453158382406e-06,38.78384399414063,38.78384353442639,1.185324083994474e-06,0.1781822798805317,0.1781822875096548,-4.281639631138163e-06,0.5002496838569641,0.5002496771444811,-6.712483013870951e-09,0.7489120835418568,0.7489120835418568,0.0,0.2987409385730637,0.2987409385730637,0.0,0.1838748306035995,0.1838749405778108,-5.9809279475529026e-05
Persistence,24,solar_station_site_6,solar,3.9387448477461664,3.938744883026159,-8.957166322976322e-07,1.5669981241226196,1.566998087986522,2.3060715334269213e-06,27.277544021606445,27.27754280825748,4.44816060136535e-06,22.473371505737305,22.473369680018862,8.123918753086856e-06,0.1419715196255223,0.1419715208971848,-8.957166204041858e-07,0.7968133687973022,0.7968133408339114,-2.796339082511423e-08,0.8980883796324224,0.8980883796324224,0.0,0.8611217092712705,0.8611217092712705,0.0,0.1813102215528488,0.1813102803901206,-3.245116094434758e-05
Persistence,24,solar_station_site_7,solar,3.5700041055522145,3.570004311857911,-5.778864405376688e-06,1.469252586364746,1.4692525539025934,2.209433084884365e-06,33.29014205932617,33.29013890443688,9.476947519213955e-06,21.13785171508789,21.137851037003852,3.2079136888476618e-06,0.1422907608664597,0.1422907690892499,-5.778864452386378e-06,0.758017897605896,0.7580178918005734,-5.805322556007297e-09,0.8783545766000096,0.8783545766000096,0.0,0.8542541014879816,0.8542541014879816,0.0,0.1966412961483001,0.1966416403816688,-0.00017505649903726267
Persistence,24,solar_station_site_8,solar,3.076401591125244,3.0764014696426285,3.948854267698523e-06,1.3567711114883425,1.3567711203195647,-6.508999287493341e-07,36.178131103515625,36.17813556234847,-1.2324663303013815e-05,22.035795211791992,22.03579633204472,-5.083786245841654e-06,0.1361691489487798,0.1361691435716586,3.948854225984583e-06,0.7386046648025513,0.7386046516941646,-1.3108386709426156e-08,0.8696626050678217,0.8696626050678217,0.0,0.7956035480138836,0.7956035480138836,0.0,0.1225243955850601,0.1225244372689537,-3.4020893065144564e-05
Centralized,24,wind_farm_site_1,wind,24.041659755694774,25.756170977131,-7.1314178757151225,18.654029846191406,23.10660537596658,-23.86924201627273,89.66747283935547,111.07041945587338,-23.86924259018936,112.64434051513672,115.1527398581928,-2.2268312208006713,0.2957295700717446,0.3168192906128208,-7.131420958668357,0.070485234260559,-0.0668170759435864,-0.1373023102041454,0.2825154509731549,0.295237111372061,0.012721660398906098,0.8691339183517741,0.8202975963372758,-0.04883632201449828,0.7322498559951782,0.8009823113084363,-9.386475770602365
Centralized,24,wind_farm_site_2,wind,55.24215380160901,54.59537461938875,1.1708073232318807,50.12929153442383,49.862617448648045,0.5319725805274101,71.90428161621094,71.52176474770086,0.5319806552713566,97.86622619628906,95.38530204893948,2.535015647148409,0.3078122244181741,0.3042083363528831,1.1708073232319005,0.0450996160507202,0.0673288117400853,0.0222291956893651,0.2590728366719176,0.2715913689901217,0.0125185323182041,0.6611980160244182,0.6356352537199542,-0.02556276230446397,0.6242106556892395,0.6165383250161899,1.229125232503121
Centralized,24,wind_farm_site_3,wind,20.0819586867732,19.63791994797823,2.2111326176934685,16.38204574584961,14.693068183835146,10.309930690081032,108.61981201171876,97.42118867054783,10.309927014017234,116.5558090209961,115.76420289283038,0.6791648866021879,0.2358755757463181,0.2306600578294341,2.211130974617409,-0.0366034507751464,0.0087310918729234,0.0453345426480698,0.1437810797337448,0.1330143927182218,-0.010766687015522997,0.5738267836703548,0.5757344524990462,0.0019076688286914223,0.4327412247657776,0.4195152691216373,3.056319778939225
Centralized,24,wind_farm_site_4,wind,17.704925472487258,18.95134563884389,-7.039962796192048,14.195569038391112,15.0034140096059,-5.6908248554884775,74.47724914550781,78.71562061340128,-5.690827086823353,108.55280303955078,109.56374489099365,-0.9312904164018065,0.2881242506229612,0.3084080906736248,-7.0399627961920395,0.2792569398880005,0.1742047639987188,-0.1050521758892817,0.5466512228082377,0.5610532308725036,0.014402008064265837,0.8202975963372758,0.8267836703548264,0.006486074017550525,0.7187783718109131,0.7198864713939508,-0.15416429131637913
Centralized,24,wind_farm_site_5,wind,10.79773387446322,10.31490249505645,4.471599180163835,7.788756370544434,8.288634409346473,-6.417944213693491,108.59060668945312,115.55988107693489,-6.417934847175555,134.43226623535156,132.0669370506654,1.7594951353012047,0.3103941749562531,0.2965145915736329,4.471599180163858,-0.0222145318984985,0.067160257947087,0.0893747898455855,0.165260136931066,0.3101476244303595,0.14488748749929348,0.6572751833269008,0.7267464299498263,0.06947124662292548,0.8050444722175598,0.7806333570500503,3.0322691490902494
Centralized,24,wind_farm_site_6,wind,23.34151961818119,23.029225041107196,1.33793592783369,21.06149673461914,20.836364297305835,1.0689289567120455,28.95660781860352,28.647084504016096,1.0689211820887607,32.44194793701172,31.93586364257145,1.559968887882025,0.5134151215664087,0.5065459561960406,1.337935927833706,-2.5568225383758545,-2.4622833801164354,0.09453915825941905,0.2066223713495672,0.1559735318521926,-0.050648839497374615,0.3823529411764705,0.4264705882352941,0.044117647058823595,0.7669863700866699,0.8696261125475107,-13.382212052769905
Centralized,24,solar_station_site_1,solar,4.9431180258274985,5.140303752640463,-3.989096068163473,2.4581551551818848,2.5258131189486064,-2.752387847613933,27.563425064086918,28.32207847556283,-2.7523916556523322,128.78724670410156,129.20380844147115,-0.3234495247240381,0.1154766169235218,0.1200830901088662,-3.989096068163463,0.8665851354598999,0.8557287151908439,-0.010856420269055977,0.9309382988345172,0.9280965671796516,-0.0028417316548655647,0.846241892407478,0.8401373521556658,-0.006104540251812285,0.1908709406852722,0.1836810705262006,3.766875215922459
Centralized,24,solar_station_site_2,solar,10.022223383453971,10.327748440710446,-3.0484758278375255,5.026434421539307,5.301033466114594,-5.463098123762926,28.76990509033203,30.341629984436462,-5.463086823434119,69.33404541015625,72.1023948163651,-3.9927706364633093,0.1082033360748178,0.1115018890504892,-3.0484762257150724,0.8583673238754272,0.8496004083017072,-0.008766915573720002,0.9280287421444828,0.9258237124904344,-0.0022050296540484515,0.8336512781381152,0.8325066768409004,-0.0011446012972148312,0.20160473883152,0.1862144620194157,7.633886436055396
Centralized,24,solar_station_site_3,solar,4.172793398004703,3.717838003051837,10.902897688881783,2.380077600479126,2.0480725608752968,13.949336758473518,41.56350326538086,35.765671898306955,13.949332735633579,100.58529663085938,89.12872917873848,11.389902735153878,0.1600590139988248,0.1426079425640772,10.9028982490644,0.7065167427062988,0.7670244123323557,0.060507669626056915,0.8734212450670987,0.8763200890439443,0.0028988439768455887,0.4042553191489361,0.4002659574468085,-0.003989361702127603,0.1739719659090042,0.2012783878044611,-15.695874765098353
Centralized,24,solar_station_site_4,solar,15.055955406844516,14.599006990771366,3.035001125637093,7.929830551147461,7.827996215708315,1.2841930830969694,61.79962158203125,61.00599147919487,1.2841989684078194,90.2782211303711,100.97288869895142,-11.846342821859684,0.1593443421566855,0.1545082357286227,3.0350035417682895,0.5964447259902954,0.6205687969827868,0.024124070992491364,0.7853960492531422,0.7916675631341729,0.006271513881030644,0.2426554750095383,0.235024799694773,-0.007630675314765301,0.1973021924495697,0.2281280448630249,-15.623674542458147
Centralized,24,solar_station_site_5,solar,12.413387676356349,12.064670991022172,2.80919837860517,6.167233467102051,6.2472664270766165,-1.2977125059637602,54.106910705566406,54.809067507184814,-1.2977211089343736,78.146240234375,85.561470350179,-9.488914749531583,0.152547616015342,0.148262255312197,2.809195459805819,0.6337016820907593,0.653992727170976,0.02029104508021673,0.8094912888177547,0.8119843777244937,0.0024930889067390494,0.2624952308279282,0.2613506295307135,-0.0011446012972147201,0.1604476869106292,0.1936340793361244,-20.683621599344292
Centralized,24,solar_station_site_6,solar,3.554492852886772,3.5057954669711724,1.3700234585097064,1.845401644706726,1.8815703749252648,-1.9599381154928315,32.12385940551758,32.75346462912495,-1.9599302053327685,126.9468765258789,126.8250026775252,0.09600381804498848,0.1281212089966064,0.1263659183780266,1.370023458509734,0.8345240950584412,0.8390271489850494,0.004503053926608214,0.9136017278323588,0.9198012101254944,0.006199482293135605,0.8111407859595574,0.824876001526135,0.013735215566577641,0.1906017661094665,0.2043941280238221,-7.236219367681178
Centralized,24,solar_station_site_7,solar,3.4814273700011,3.4704921493585386,0.3141016451122465,1.9476091861724851,2.002898096114432,-2.8388092608354736,44.128684997558594,45.38141223847214,-2.838804829518147,138.55885314941406,138.6621901966871,-0.07457989505846378,0.1387603304456561,0.1383244819649632,0.31410164511219124,0.7698767781257629,0.771320145404852,0.0014433672790891139,0.8775998087504071,0.8795446351115856,0.0019448263611785421,0.7397939717665013,0.7520030522701259,0.01220908050362457,0.1676733642816543,0.184026823098884,-9.753164366499787
Centralized,24,solar_station_site_8,solar,2.670611612655542,2.589109943538421,3.0517979001850932,1.3937444686889648,1.3241215712172107,4.995384665974341,37.164024353027344,35.30753933887026,4.995382083818541,127.1309051513672,125.05400273219524,1.6336723290840367,0.1182078801145792,0.1146004145113892,3.0517979001850493,0.8030149340629578,0.814854645439831,0.01183971137687323,0.897573614259837,0.9028779080496632,0.00530429378982622,0.786733513305052,0.78210566910914,-0.004627844195912001,0.1466277837753296,0.1403217276759839,4.300723871683252
